,Star Name,Planet Name,Tier 1 Transits,Tier 2 Transits,Tier 3 Transits,Tier 1 Eclipses,Tier 2 Eclipses,Tier 3 Eclipses,Preferred Method,Tier 1 Observations,Tier 2 Observations,Tier 3 Observations,FGS1_Flag,FGS2_Flag,FGS_Flag,Star Mass [Ms],Star Mass Error Lower [Ms],Star Mass Error Upper [Ms],Star Temperature [K],Star Temperature Error Lower [K],Star Temperature Error Upper [K],Star Radius [Rs],Star Radius Error Lower [Rs],Star Radius Error Upper [Rs],Star Distance [pc],Star Distance Error Lower [pc],Star Distance Error Upper [pc],Star log(g),Star log(g) Error Lower,Star log(g) Error Upper,Gaia ID,Star H Mag,Star J Mag,Star K Mag,Star V Mag,Star Gaia Mag,Star W1 Mag,Star T Mag,Star Metallicity,Star Metallicity Error Lower,Star Metallicity Error Upper,Metallicity Ratio,Star Age [Gyr],Star Age Error Lower [Gyr],Star Age Error Upper [Gyr],Star Spectral Type,Star RA,Star Dec,Planet Radius [Re],Planet Radius Error Upper [Re],Planet Radius Error Lower [Re],Planet Radius [Rj],Planet Radius Error Upper [Rj],Planet Radius Error Lower [Rj],Planet Mass [Me],Planet Mass Error Upper [Me],Planet Mass Error Lower [Me],Planet Mass [Mj],Planet Mass Error Upper [Mj],Planet Mass Error Lower [Mj],Mass Flag,RV Flag,RV Amplitude [m/s],Planet Period [days],Cumulative time (days),Planet Period Error Lower [days],Planet Period Error Upper [days],Planet Temperature [K],Planet Semi-major Axis [m],Planet Semi-major Axis [AU],Planet Albedo,Molecular Weight,Transit Duration [s],Impact Parameter,Heat Redistribution Factor,Inclination,Inclination Error Upper,Inclination Error Lower,Eccentricity,Eccentricity Error Upper,Eccentricity Error Lower,Eccentricity Flag,Periastron,Periastron Error Upper,Periastron Error Lower,Transit Mid Time [JD - 2450000],Transit Mid Time Error Upper [days],Transit Mid Time Error Lower [days],Transit Mid Time Flag,Eclipse Mid Time [JD - 2450000],Eclipse Duration [s],Transit Depth [%],Transit Depth Error Upper [%],Transit Depth Error Lower [%],"Known (Y=1,N=0)",Discovery Year,Telescope,ESM,pl_g,ASM,Transit Signal,Tier1_SNR,Tier1 Transit S/N,cumulative days
1,L 98-59 b,L 98-59 b,1,3.371499794,6.671377056,895.2549621,6907.146187,12230.67454,Transit,1,3,7,0,0,0,0.27,-0.03,0.03,3415,-135,135,0.3,-0.02,0.03,10.6194,-0.0032,0.0032,4.86,-0.13,0.13,Gaia DR2 5271055243163629056,7.359,7.933,7.101,11.685,10.5976,6.935,0,-0.46,-0.26,0.26,[Fe/H],0.8,,,M3 V,124.5328604,-68.3144658,0.851882536,0.056044904,-0.044835923,0.076,0.005,-0.004,0.400463792,0.158914203,-0.149379351,0.00126,0.0005,-0.00047,0,1,0.46,2.2531136,2904.605961,-1.50E-06,1.20E-06,629.8999194,3252430017,0.021755385,0.1,2.3,3494.17611,0.53,1,87.71,-0.44,1.16,0.103,-0.045,0.117,0,192,-155,70,8366.17067,0.00036,-0.00033,0,8367.297227,3347.658869,0.047426,0.008204,-0.008204,2,2019,Ariel,5.56469342,5.626521336,0.649400008,0.000560563,0.244339035,13.99839325,9.335989225
2,HD 219134 b,HD 219134 b,5.512084313,25.37292834,46.54246392,92.75429654,320.8561222,538.7056565,Transit,6,25,47,0,0,0,0.81,-0.03,0.03,4699,-16,16,0.78,-0.01,0.01,6.53127,-0.00385,0.00384,4.57,-0.02,0.02,Gaia DR2 2009481748875806976,3.469,3.981,3.261,5.56911,5.2402,,0,0.11,-0.04,0.04,[Fe/H],11,-2.2,2.2,K3 V,348.3372026,57.1696255,1.602884245,0.056044904,-0.056044904,0.143,0.005,-0.005,4.738821542,0.190697044,-0.190697044,0.01491,0.0006,-0.0006,0,1,2.381,3.092926,1797.491195,-1.00E-05,1.00E-05,983.3417771,5793922375,0.038755334,0.3,2.3,3410.81116,0.9245,1,85.05,-0.09,0.09,0,,,0,0,,,7126.69913,0.00087,-0.00087,0,7128.245593,0,0.0358,0.0024,-0.0024,1,2015,Ariel,34.9217407,18.80624883,2.310929706,7.76E-05,2.472343369,10.24915647,22.02350907
3,L 98-59 d,L 98-59 d,1,6.342841193,12.57202956,5086.957332,34180.24315,88970.86685,Transit,1,6,13,0,0,0,0.27,-0.03,0.03,3415,-135,135,0.3,-0.02,0.03,10.6194,-0.0032,0.0032,4.86,-0.13,0.13,Gaia DR2 5271055243163629056,7.359,7.933,7.101,11.685,10.5976,6.935,0,-0.46,-0.26,0.26,[Fe/H],0.8,,,M3 V,124.5328604,-68.3144658,1.524421379,0.123298788,-0.100880827,0.136,0.011,-0.009,1.93875328,0.279688998,-0.279688998,0.0061,0.00088,-0.00088,0,1,1.5,7.4507245,3638.270278,-4.60E-06,8.10E-06,422.7981523,7219130699,0.0482885,0.1,2.3,2932.612793,0.922,1,88.449,-0.111,0.058,0.074,-0.046,0.057,0,180,-50,27,8362.73974,0.00031,-0.0004,0,8366.465102,2932.612793,0.186849,0.040817,-0.040817,2,2019,Ariel,4.367409171,8.506455371,1.177865628,0.000445351,0.119536716,10.18852566,52.09794529
4,GJ 1214 b,GJ 1214 b,1,1.681674322,3.355061692,10.92159468,95.10109278,177.6258751,Transit,1,2,3,0,0,0,0.18,-0.01,0.01,3250,-100,100,0.21,-0.01,0.01,14.6427,-0.0372,0.0372,5.03,-0.04,0.04,Gaia DR2 4393265392167891712,9.094,9.75,8.782,15.1,13.0089,8.598,0,0.29,-0.12,0.12,[Fe/H],3,,,M4 V,258.8313991,4.9606795,2.746200279,0.044835923,-0.056044904,0.245,0.004,-0.005,8.171368334,0.429068349,-0.429068349,0.02571,0.00135,-0.00135,0,1,14.36,1.58040433,1605.942394,-1.30E-07,1.30E-07,603.9487151,2243025902,0.015003518,0.1,2.3,3035.292692,0.325,1,88.7,-0.1,0.1,0,,,1,0,,,5701.413328,6.60E-05,-5.90E-05,0,5702.20353,0,,,,1,2009,Ariel,51.17792014,11.04756378,6.748865499,0.001800873,2.146897998,20.45273268,58.70060823
5,AU Mic c,AU Mic c,2.065110638,5.340781436,8.855560108,612.3282203,1018.458026,2166.012056,Transit,2,5,9,0,0,0,0.5,-0.03,0.03,3700,-100,100,0.75,-0.03,0.03,9.7221,-0.004625,0.004625,4.57,-0.01,0.01,Gaia DR2 6794047652729201024,4.831,5.436,4.529,8.81,7.84038,4.449,0,,,,,0.022,-0.003,0.003,M1,311.2911369,-31.34245,3.239395431,0.15692573,-0.15692573,0.289,0.014,-0.014,13.59987752,11.40050494,-11.40050494,0.04279,0.03587,-0.03587,0,0,5.2,18.859019,2204.030308,-1.60E-05,1.60E-05,479.5930307,16465214012,0.110135211,0.1,2.3,14886.85643,0.51,1,89,-0.4,0.5,0,,,0,,,,8342.2223,0.0005,-0.0005,0,8351.65181,0,,,,2,2021,Ariel,15.32109153,13.21427104,2.660298912,0.000110567,0.933910936,16.5616027,135.5150969
6,pi Men c,pi Men c,3.563479173,10.90473094,18.73405097,104.1081821,248.6651192,422.9288752,Transit,4,11,19,0,0,0,1.09,-0.04,0.04,6037,-45,45,1.1,-0.02,0.02,18.2702,-0.0226,0.0226,4.42,-0.03,0.03,Gaia DR2 4623036865373793408,4.424,4.869,4.241,5.65,5.5128,4.269,0,0.08,-0.03,0.03,[Fe/H],2.98,-1.3,1.4,G0 V,84.2992798,-80.4646041,2.040034493,0.044835923,-0.044835923,0.182,0.004,-0.004,4.821456928,0.839066993,-0.861314982,0.01517,0.00264,-0.00271,0,1,1.58,6.2679,1750.694062,-0.00046,0.00046,1128.309313,10243652842,0.068519417,0.3,2.3,10671.30851,0.59,1,87.456,-0.076,0.085,0,,,0,,,,8325.504,0.0012,-0.00074,0,8328.63795,0,0.03,,,2,2018,Ariel,17.81062696,11.81243453,0.963565465,9.07E-05,2.283586068,12.63777516,161.574781
7,HD 136352 c,HD 136352 c,4.928079797,13.02493678,21.65865757,398.2640759,716.9058757,1227.065549,Transit,5,13,22,0,0,0,0.87,-0.04,0.04,5664,-61,61,1.06,-0.02,0.02,14.682,-0.0198,0.0199,4.39,-0.11,0.11,Gaia DR2 5902750168276592256,3.898,4.308,4.159,5.65,5.48495,,0,-0.24,-0.05,0.05,[M/H],12.3,-2.9,1.2,G4 V,230.4401147,-48.3188174,2.91433499,0.078462865,-0.078462865,0.26,0.007,-0.007,11.23841246,0.651548234,-0.629300245,0.03536,0.00205,-0.00198,0,1,2.61,27.59221,1960.39222,-0.00011,0.00011,701.0290483,25522823774,0.170721229,0.1,2.3,11817.0722,0.872,1,88.571,-0.045,0.042,0,,,0,-110.22,-75.76,74.58,8954.4099,0.00052,-0.00054,0,8968.206005,0,0.0638,0.0024,-0.0022,1,2019,Ariel,14.64178073,13.49156003,1.343759553,7.13E-05,1.157940738,12.02264782,273.0377943
8,HD 63433 c,HD 63433 c,2.251263804,8.052683387,14.23900156,345.1857616,953.9544228,1479.176405,Transit,2,8,14,0,0,0,0.99,-0.03,0.03,5640,-74,74,0.91,-0.03,0.03,22.4035,-0.0225,0.0225,4.53,-0.09,0.09,Gaia DR2 875071278432954240,5.359,5.624,5.258,6.92035,6.71831,5.246,0,0.017,-0.017,0.017,[M/H],0.414,-0.023,0.023,G5IV,117.4793699,27.3631342,2.667737414,0.123298788,-0.123298788,0.238,0.011,-0.011,7.596098918,0,0,0.0239,0,0,1,0,0,20.5453,2067.083429,-0.0013,0.0012,698.3904838,21890282660,0.146423295,0.1,2.3,14543.10542,0.512,1,89.147,-0.2,0.069,0,,,0,,,,8844.05799,0.00084,-0.00087,0,8854.33064,0,0.0722,0.0038,-0.0037,2,2020,Ariel,9.982776908,10.88279871,0.857335845,0.000109364,0.812475049,11.47839812,356.5655782
9,TOI-431 d,TOI-431 d,1,5.626123297,10.79802707,105.2145229,549.7228715,943.5468639,Transit,1,6,11,0,0,0,0.78,-0.07,0.07,4850,-75,75,0.73,-0.02,0.02,32.5686,-0.0311,0.0312,4.6,-0.06,0.06,Gaia DR2 2908664557091200768,6.846,7.305,6.723,9.12,8.79171,6.651,0,0.2,-0.05,0.05,[Fe/H],,,,,83.2692502,-26.7238698,3.295440335,0.089671846,-0.089671846,0.294,0.008,-0.008,9.900354865,1.528754636,-1.490615227,0.03115,0.00481,-0.00469,0,1,3.16,12.46103,1890.014757,-2.00E-05,2.00E-05,661.2179408,14486566858,0.096900113,0.1,2.3,12379.88011,0.15,1,89.7,-0.2,0.2,0,,,0,0,,,8627.5453,0.0003,-0.0003,0,8633.775815,0,0.209,4.50E-05,-4.50E-05,2,2021,Ariel,12.40074616,9.295226989,1.137281202,0.000232706,0.878915264,11.23341447,407.5559834
10,55 Cnc e,55 Cnc e,3.237076249,13.63167887,24.71331722,5.204019289,18.42934283,33.27030963,Transit,3,14,25,0,0,0,0.91,-0.01,0.01,5172,-18,18,0.94,-0.01,0.01,12.5855,-0.0123,0.0124,4.43,-0.02,0.02,Gaia DR2 704967037090946688,4.265,4.768,4.015,5.95084,5.72973,4.001,0,0.35,-0.1,0.1,[Fe/H],10.2,-2.5,2.5,G8 V,133.1468373,28.3298154,1.871899782,0.033626942,-0.033626942,0.167,0.003,-0.003,7.739121701,0.368680952,-0.298758702,0.02435,0.00116,-0.00094,0,1,6,0.7365474,966.8518676,-1.40E-06,1.30E-06,1880.057222,2314082889,0.015478815,0.3,2.3,5448.370778,0.39,1,83.59,-0.44,0.47,0.05,-0.03,0.03,0,86,-33.4,30.7,7063.2096,0.0006,-0.0004,0,7063.577874,6020.413103,0.038,0.0052,-0.0052,1,2004,Ariel,66.0969549,22.51970166,4.074633455,9.96E-05,9.773980873,11.10797074,411.0066517
11,HD 63433 b,HD 63433 b,2.299000032,9.449607462,17.07386802,110.6584429,334.3296409,598.2044438,Transit,2,9,17,0,0,0,0.99,-0.03,0.03,5640,-74,74,0.91,-0.03,0.03,22.4035,-0.0225,0.0225,4.53,-0.09,0.09,Gaia DR2 875071278432954240,5.359,5.624,5.258,6.92035,6.71831,5.246,0,0.017,-0.017,0.017,[M/H],0.414,-0.023,0.023,G5IV,117.4793699,27.3631342,2.1521243,0.100880827,-0.100880827,0.192,0.009,-0.009,5.275951549,0,0,0.0166,0,0,1,0,0,7.10793,1811.614141,-0.00034,0.0004,934.2619124,10787938769,0.072160126,0.3,2.3,11540.51277,0.18,1,89.38,-0.64,0.43,0,,,0,,,,8916.4526,0.0032,-0.0027,0,8920.006565,0,0.0467,0.0024,-0.0023,2,2020,Ariel,13.25570232,11.61454605,0.838442664,0.000117759,1.553232372,11.0099244,440.5069377
12,K2-141 c,K2-141 c,1,1,1,6.277097614,46.09100343,91.41320048,Transit,1,1,1,0,0,0,0.71,-0.03,0.03,4599,-79,79,0.68,-0.02,0.02,61.8736,-0.1654,0.1662,4.62,-0.03,0.02,Gaia DR2 2643952940813536768,8.524,9.086,8.401,11.454,10.7217,8.311,0,-0.06,-0.1,0.08,[Fe/H],6.3,-4.7,6.6,K7 V,350.9170464,-1.1891827,6.994403976,4.5956821,-2.802245183,0.624,0.41,-0.25,7.399045306,0,0,0.02328,0,0,1,0,0,7.7485,1309.517619,-0.00022,0.00022,720.1851074,10228120933,0.068415525,0.1,2.3,9593.821339,0.5,1,88.67521158,-2,1.6,0,,,0,90,,,7751.1546,0.001,-0.001,0,7755.02885,0,,,,1,2018,Ariel,40.11068778,1.542092433,3.370680046,0.003736995,2.80274137,75.04072306,448.4775169
13,AU Mic b,AU Mic b,1,1.363524543,2.301135939,20.53383495,40.45154108,71.19229732,Transit,1,1,2,0,0,0,0.5,-0.03,0.03,3700,-100,100,0.75,-0.03,0.03,9.7221,-0.004625,0.004625,4.39,-0.03,0.03,Gaia DR2 6794047652729201024,4.831,5.436,4.529,8.81,7.84038,4.449,0,,,,,0.022,-0.003,0.003,M1,311.2911369,-31.34245,4.068860005,0.168134711,-0.168134711,0.363,0.015,-0.015,17.00064147,4.999440836,-4.999440836,0.05349,0.01573,-0.01573,0,1,8.5,8.463,1193.547166,-2.00E-06,2.00E-06,626.4279341,9650967990,0.06455497,0.1,2.3,13016.35933,0.18,1,89.5,-0.3,0.3,0,,,0,,,,8330.39051,0.00015,-0.00015,0,8334.62201,0,,,,2,2020,Ariel,58.88061063,10.47022362,6.123976635,0.00022894,4.348291946,32.06564015,483.5347354
14,GJ 436 b,GJ 436 b,1,1.355341408,2.619652447,1.704022646,9.349614676,16.28245989,Transit,1,1,3,0,0,0,0.47,-0.07,0.07,3586.11,-36.37,36.37,0.46,-0.02,0.02,9.75321,-0.00896,0.00898,4.79,-0.04,0.05,Gaia DR2 4017860992519744384,6.319,6.9,6.073,10.67,9.57148,6.017,0,0.099,-0.078,0.078,[Fe/H],6,-5,4,M2.5 V,175.5505363,26.7030669,4.169740832,0.168134711,-0.168134711,0.372,0.015,-0.015,25.40084626,2.100845768,-1.999140677,0.07992,0.00661,-0.00629,0,1,17.59,2.64388312,678.102424,-5.70E-07,5.70E-07,708.0229527,4352700318,0.029115052,0.1,2.3,4248.748378,0.736,1,86.44,-0.16,0.17,0.13827,-0.00018,0.00018,0,351,-0.03,0.03,4510.80162,7.00E-05,-7.00E-05,0,4512.123562,4068.837389,0.6819,0.0028,-0.0028,1,2004,Ariel,118.8379671,14.89588137,12.84120812,0.000495485,6.916534293,23.66579408,494.5036705
15,GJ 3470 b,GJ 3470 b,1,1.335633556,2.644245823,6.220076699,45.89211853,90.69894119,Transit,1,1,3,0,0,0,0.54,-0.04,0.05,3600,-100,100,0.55,-0.02,0.02,29.4214,-0.0507,0.0508,4.7,-0.05,0.05,Gaia DR2 654687847820642560,8.206,8.794,7.989,12.332,11.3537,7.807,0,0.2,-0.1,0.1,[Fe/H],1.65,-1.35,1.35,M1.5,119.7735021,15.391209,4.573264138,0.179343692,-0.179343692,0.408,0.016,-0.016,12.57964833,1.309453035,-1.280848479,0.03958,0.00412,-0.00403,0,1,8.21,3.3366496,1296.401366,-3.30E-06,3.90E-06,702.7322631,5323978594,0.035611897,0.1,2.3,6592.825576,0.4,1,89.13,-0.34,0.26,0.017,-0.012,0.016,0,1.7,-1.2,0.96,5983.70421,,,0,5985.372535,6599.4788,0.52,0.04,-0.04,1,2012,Ariel,40.34676831,6.132704983,4.221995773,0.00091642,2.787294731,21.67584755,508.4607157
16,TOI-674 b,TOI-674 b,1,5.617766081,11.20959961,7.61019646,65.8170982,132.8981755,Transit,1,6,11,0,0,0,0.42,-0.01,0.01,3514,-57,57,0.42,-0.01,0.01,46.0851,-0.1153,0.1159,4.81,-0.03,0.03,Gaia DR2 5400949450924312576,9.737001,10.359,9.469,14.203,13.0914,9.345,0,0.17,-0.12,0.12,[Fe/H],,,,M2 V,164.5865592,-36.8581092,5.245802982,0.168134711,-0.168134711,0.468,0.015,-0.015,23.59875919,3.29905886,-3.29905886,0.07425,0.01038,-0.01038,0,1,21.44,1.977143,1490.159062,-3.00E-06,3.00E-06,698.8670804,3454138899,0.023104608,0.3,2.3,4250.228591,0.624,1,87.21,-0.24,0.24,0,,,0,,,,8641.404552,0.000102,-0.000102,0,8642.393124,0,1.445627,0.021868,-0.021868,2,2021,Ariel,46.8047994,8.743823075,4.677471505,0.001338902,3.086657934,12.16591555,516.7628274
17,TOI-421 c,TOI-421 c,1,6.518117127,12.67943069,60.93284889,418.6898016,826.5828234,Transit,1,7,13,0,0,0,0.85,-0.02,0.03,5325,-58,78,0.87,-0.01,0.01,74.7969,-0.2029,0.2041,4.49,-0.02,0.03,Gaia DR2 2984582227215748864,8.219,8.547,8.071,9.931,9.77776,8.058,0,-0.02,-0.05,0.05,[Fe/H],9.4,-3.1,2.4,G9 V,81.8532824,-14.2767404,5.088877252,0.15692573,-0.14571675,0.454,0.014,-0.013,16.41901548,1.061546878,-1.03929889,0.05166,0.00334,-0.00327,0,1,4.66,16.06819,1849.898768,-0.00035,0.00035,717.7870836,17661012342,0.118133862,0.1,2.3,11385.65589,0.738,1,88.353,-0.084,0.078,0.152,-0.042,0.042,0,114.7,-13.3,15.6,8440.13162,0.0007,-0.00068,0,8448.165715,15034.03695,0.289,4.70E-05,-4.70E-05,2,2020,Ariel,12.54020879,6.464564986,1.049584178,0.000394908,0.939404465,10.10860057,582.0898148
18,HIP 65 A b,HIP 65 A b,1,1,1.7553946,1,1,1,Eclipse,1,1,1,0,0,0,0.78,-0.03,0.03,4590,-49,49,0.72,-0.01,0.01,61.7856,-0.0804,0.0806,4.61,-0.01,0.01,Gaia DR2 4923860051276772608,8.4,8.922,8.29,11,10.5895,8.121,0,0.18,-0.08,0.08,[Fe/H],4.1,-2.8,4.3,K4 V,0.1856063,-54.8308228,22.75423088,6.837478246,-5.492400558,2.03,0.61,-0.49,1021.18267,24.79061571,-24.79061571,3.213,0.078,-0.078,0,1,753.7,0.9809734,14.92758838,-3.10E-06,3.10E-06,1361.757722,2660935422,0.017798899,0.3,2.3,6086.249957,0.5,1,84.60071945,-1,0.92,0,,,0,291.42,,,8326.10418,0.00011,-0.00011,0,8326.594667,0,8.2,5.8,-3.4,2,2020,Ariel,1579.037899,20.11014765,96.35935477,0.001674264,195.9476219,28.35450222,583.2116736
19,KELT-9 b,KELT-9 b,1,1.793284766,3.47511354,1,1,1,Eclipse,1,1,1,0,0,0,2.52,-0.2,0.25,10170,-450,450,2.36,-0.06,0.07,204.455,-1.558,1.582,4.09,-0.01,0.01,Gaia DR2 2064327278651198336,7.492,7.458,7.482,7.55,7.57675,7.399,0,-0.03,-0.2,0.2,[Fe/H],0.3,,,B9.5-A0,307.8598998,39.9389161,21.19618256,0.683747825,-0.594075979,1.891,0.061,-0.053,775.5013121,222.4798846,-222.4798846,2.44,0.7,-0.7,0,1,0,1.4811235,50.43133589,-1.10E-06,1.10E-06,3916.236076,5177168998,0.034629893,0.3,2.3,14066.71499,0.177,1,86.79,-0.25,0.25,0,,,0,90,,,7095.68572,0.00014,-0.00014,0,7096.426282,0,0.677,0.0072,-0.0072,1,2017,Ariel,343.1458705,17.59962354,23.31423631,0.000477025,139.4901761,20.11604068,585.0184155
20,WASP-33 b,WASP-33 b,1,2.223157227,4.373788659,1,1,1,Eclipse,1,1,1,0,0,0,1.5,-0.03,0.03,7430,-100,100,1.44,-0.03,0.03,121.944,-0.983,0.998,4.25,-0.07,0.1,Gaia DR2 328636019723252096,7.516,7.581,7.468,8.14,8.07004,7.383,0,0.1,,,[M/H],,,,A5,36.7127375,37.5504441,17.8559063,0.829464574,-0.829464574,1.593,0.074,-0.074,665.214855,44.17814852,-44.17814852,2.093,0.139,-0.139,0,1,304,1.21987,30.61354865,-1.00E-06,1.00E-06,2599.597377,3826520992,0.025595458,0.3,2.3,9739.03043,0.21,1,86.63,-0.03,0.03,0,,,0,,,,4163.22367,0.00022,-0.00022,0,4163.833605,0,1.1,0.019,-0.019,1,2010,Ariel,548.1600365,21.27327167,29.99360948,0.000592749,127.7972627,17.63667669,586.463726
21,WASP-189 b,WASP-189 b,1,2.315344921,4.206662087,1,1,1,Eclipse,1,1,1,0,0,0,2.03,-0.07,0.07,8000,-80,80,2.36,-0.03,0.03,99.731,-0.7432,0.754,3.9,-0.2,0.2,Gaia DR2 6339097679918871168,6.12,6.166,6.06,6.59776,6.55369,6.097,0,0.29,-0.13,0.13,[Fe/H],0.73,-0.13,0.13,,225.686732,-3.0314874,18.1473398,0.235388595,-0.235388595,1.619,0.021,-0.021,632.4785291,50.85254506,-44.49597692,1.99,0.16,-0.14,0,1,182,2.724033,29.39367865,,,2606.643375,7231108901,0.048368621,0.3,2.3,16418.59337,0.478,1,84.03,-0.14,0.14,0,,,0,,,,8926.541696,6.50E-05,-6.40E-05,0,8927.903712,0,,,,1,2020,Ariel,372.2352923,19.5819523,20.98555757,0.000244319,122.5139615,19.78849429,589.5678191
22,HD 189733 b,HD 189733 b,1,1,1.213407685,1,1,1,Eclipse,1,1,1,0,0,0,0.79,-0.08,0.08,5052,-16,16,0.75,-0.01,0.01,19.7638,-0.0127,0.0128,4.49,-0.05,0.05,Gaia DR2 1827242816201846144,5.587,6.073,5.541,7.67,7.41432,5.289,0,-0.02,,,[Fe/H],1.4,-1.9,4.9,K2 V,300.1821223,22.7097759,12.66614823,0.112089807,-0.112089807,1.13,0.01,-0.01,370.5879221,16.52707714,-15.57359192,1.166,0.052,-0.049,0,1,208,2.21857567,7.11290839,-1.50E-07,1.50E-07,1162.930605,4604224671,0.030797489,0.3,2.3,6544.78771,0.6636,1,85.71,0,0,0,,,0,20,-50,37,3955.525551,9.00E-06,-9.00E-06,0,3956.634839,0,2.4,0.0058,-0.0058,1,2005,Ariel,1063.0232,23.55256836,61.4458368,0.000626296,114.4812036,38.27137463,591.9378945
23,KELT-20 b,KELT-20 b,1,4.575606261,8.934502053,1,1,1,Eclipse,1,1,1,0,0,0,1.76,-0.19,0.14,8720,-260,250,1.56,-0.06,0.06,136.426,-0.807,0.816,4.29,-0.02,0.02,Gaia DR2 2033123654092592384,7.446,7.424,7.415,7.59,7.57492,7.363,0,-0.29,-0.36,0.22,[Fe/H],0.6,,,A2 V,294.6614126,31.2192001,19.51483545,0.77341967,-0.829464574,1.741,0.069,-0.074,1074.895671,0,0,3.382,0,0,1,1,0,3.4741085,48.95021239,-1.90E-06,1.90E-06,2181.396627,8108946858,0.054240447,0.3,2.3,12753.34816,0.503,1,86.12,-0.27,0.28,0,,,0,,,,7503.120049,0.00019,-0.00019,0,7504.857103,0,1.309,0.014,-0.014,1,2017,Ariel,372.7831558,28.77879931,17.314433,0.000342389,89.58309045,12.43903674,595.7072193
24,HD 209458 b,HD 209458 b,1,1,1,1,1,1,Eclipse,1,1,1,0,0,0,1.23,-0.09,0.09,6091,-10,10,1.19,-0.02,0.02,48.3016,-0.1234,0.124,4.45,-0.02,0.02,Gaia DR2 1779546757669063552,6.366,6.591,6.308,7.65,7.50866,6.308,0,0.01,,,[Fe/H],3.1,-0.7,0.8,G0 V,330.7950219,18.8842419,15.58048322,0.224179615,-0.224179615,1.39,0.02,-0.02,216.7589733,4.449597692,-4.767426099,0.682,0.014,-0.015,0,1,84.27,3.52474859,13.94661498,-3.80E-07,3.80E-07,1405.91027,7265828019,0.048600856,0.3,2.3,11050.66673,0.507,1,86.71,-0.05,0.05,0,,,0,0,0,0,1659.93742,2.00E-05,-2.00E-05,0,1661.699794,0,1.5,0.0024,-0.0024,1,1999,Ariel,509.521035,9.104401123,27.7559536,0.000957051,86.01971568,55.83958995,599.4877704
25,WASP-76 b,WASP-76 b,1,1.061796208,2.069376856,1,1,1,Eclipse,1,1,1,0,0,0,1.46,-0.07,0.07,6250,-100,100,1.73,-0.04,0.04,194.459,-5.839,6.206,4.13,-0.02,0.02,Gaia DR2 2512326349403275520,8.331,8.541,8.243,9.518,9.39507,8.19,0,0.23,-0.1,0.1,[Fe/H],5.3,-2.9,6.1,F7,26.632936,2.700389,20.51243474,0.672538844,-0.448359229,1.83,0.06,-0.04,292.4021341,9.534852198,-9.534852198,0.92,0.03,-0.03,0,1,119.3,1.809886,32.42343465,-1.00E-06,1.00E-06,2110.974286,4933060164,0.032997058,0.3,2.3,13517.1962,0.14,1,88,-1.6,1.3,0,,,0,,,,6107.85507,0.00034,-0.00034,0,6108.760013,0,1.189,0.016,-0.016,1,2016,Ariel,318.3155007,7.085691786,16.98551447,0.001150185,74.4188986,27.24911426,601.6105545
26,WASP-18 b,WASP-18 b,28.32723102,382.5540411,746.2336336,1,1,1,Eclipse,1,1,1,0,0,0,1.29,-0.06,0.06,6432,-48,48,1.32,-0.06,0.06,123.483,-0.369,0.371,4.31,-0.03,0.04,Gaia DR2 4955371367334610048,8.231,8.409,8.131,9.28,9.16617,8.075,0,0.107,-0.08,0.08,[Fe/H],1.57,-0.94,1.4,F6 IV-V,24.3544618,-45.6777937,13.89913611,0.885509478,-0.885509478,1.24,0.079,-0.079,3241.849747,111.2399423,-111.2399423,10.2,0.35,-0.35,0,1,1814,0.94145223,26.66964565,-2.40E-07,2.40E-07,2408.746207,3061681962,0.020479478,0.3,2.3,8176.001493,0.36,1,83.5,-1.6,2,0.0051,-0.0037,0.007,0,-85,-96,72,6740.8056,0.00019,-0.00019,0,6741.276326,0,1.041,0.022,-0.022,1,2009,Ariel,309.0634096,171.1013401,20.48112622,6.33E-05,71.798976,1.426399276,602.741266
27,MASCARA-1 b,MASCARA-1 b,3.29491431,29.60186667,57.7178329,1,1,1,Eclipse,1,1,1,0,0,0,1.72,-0.07,0.07,7554,-150,150,2.1,-0.2,0.2,182.273,-1.922,1.963,4,,,Gaia DR2 1744911763437512064,7.749,7.819,7.74,8.28,8.24243,7.658,0,0,,,[Fe/H],1,-0.2,0.2,A8,317.5515264,10.7388967,16.8134711,3.362694219,-3.362694219,1.5,0.3,-0.3,1175.965104,286.0455659,-286.0455659,3.7,0.9,-0.9,0,1,0,2.14878,17.07636838,-8.00E-06,8.00E-06,2583.193818,5841648628,0.039074573,0.3,2.3,15767.8035,0.2,1,87,-3,2,0,,,0,,,,7097.278,0.002,-0.002,0,7098.35239,0,,,,1,2017,Ariel,196.1631421,42.41464296,11.76207755,0.000130798,64.57738426,4.880786888,605.2550414
28,WASP-121 b,WASP-121 b,1,2.809530879,5.50232336,1,1,1,Eclipse,1,1,1,0,0,0,1.36,-0.08,0.07,6776,-128.73,138.39,1.46,-0.03,0.03,269.898,-1.562,1.58,4.24,-0.01,0.01,Gaia DR2 5565050255701441664,9.439,9.625,9.374,10.514,10.3746,9.356,0,0.13,-0.09,0.09,[Fe/H],1.5,-1,1,F6 V,107.6002312,-39.0972705,19.64934322,0.403523306,-0.403523306,1.753,0.036,-0.036,367.7274664,22.24798846,-22.24798846,1.157,0.07,-0.07,0,1,177,1.27492504,25.72819342,-1.40E-07,1.50E-07,2391.043885,3814175890,0.025512882,0.3,2.3,10604.8743,0.1,1,88.49,-0.16,0.16,0,,,0,10,-10,10,8119.72074,0.00017,-0.00017,0,8120.358203,0,1.551,0.012,-0.012,1,2016,Ariel,265.47448,9.711048794,15.45298403,0.001278515,64.22845507,17.17139022,606.7754497
29,KELT-7 b,KELT-7 b,1,3.302742034,6.449688055,1,1,1,Eclipse,1,1,1,0,0,0,1.76,-0.25,0.25,6768,-7,7,1.81,-0.07,0.07,136.681,-0.924,0.938,4.5,,,Gaia DR2 181908842994567936,7.58,7.739,7.543,8.56,8.45173,7.496,0,0,,,[Fe/H],1.3,-0.2,0.2,F,78.2955912,33.3179532,17.93436917,0.672538844,-0.672538844,1.6,0.06,-0.06,441.7814852,69.92224945,-69.92224945,1.39,0.22,-0.22,0,1,138,2.73477,53.16610589,-4.00E-06,4.00E-06,1975.133011,6913257612,0.046242526,0.3,2.3,12560.84499,0.597,1,83.76,-0.38,0.38,0,,,0,,,,8343.40408,0.0001,-0.0001,0,8344.771465,0,0.83,0.012,-0.012,1,2015,Ariel,253.5204325,14.00462372,14.0042371,0.000434907,60.77575796,15.55059373,609.80098
30,MASCARA-4 b,MASCARA-4 b,1.815875919,16.68995543,32.57849245,1,1,1,Eclipse,1,1,1,0,0,0,1.75,-0.05,0.05,7800,-200,200,1.92,-0.11,0.11,170.696,-0.928,0.938,4.1,-0.05,0.05,Gaia DR2 5245968236116294016,7.785,7.837,7.75,8.191,8.17401,7.627,0,0,,,[Fe/H],0.8,,,A7 V,147.5800667,-66.1139253,17.14974052,0.784628651,-0.448359229,1.53,0.07,-0.04,985.2680604,286.0455659,-286.0455659,3.1,0.9,-0.9,0,1,0,2.82406,19.90042838,-3.00E-05,3.00E-05,2321.685164,7049526418,0.047154023,0.3,2.3,15206.56976,0.34,1,88.5,-0.01,0.01,0,,,0,,,,8505.817,0.003,-0.003,0,8507.22903,0,,,,1,2020,Ariel,201.8768094,34.15666354,11.07473554,0.000178125,60.28323075,6.498864262,612.9770439
31,TOI-1518 b,TOI-1518 b,1,8.501980082,16.87927251,1,1,1,Eclipse,1,1,1,0,0,0,1.79,-0.26,0.26,7300,-100,100,1.95,-0.05,0.05,225.888,-1.666,1.69,4.1,-0.2,0.2,Gaia DR2 2210596444367488384,8.384,8.429,8.325,8.952,8.89529,8.270001,0,-0.1,-0.12,0.12,[Fe/H],,,,F0,352.2675207,67.0348062,21.01683887,0.594075979,-0.594075979,1.875,0.053,-0.053,731.0053352,0,0,2.3,0,0,1,0,0,1.902603,24.45326838,-1.10E-05,1.10E-05,2488.500269,5458597956,0.036512361,0.3,2.3,8159.357671,0.9036,1,77.84,-0.26,0.23,0,,,1,,,,8787.049255,9.40E-05,-9.40E-05,0,8788.000556,0,0.911,0.000414,-0.000414,1,2021,Ariel,268.0552138,16.87414985,15.4971019,0.000459152,59.69666371,9.042354927,615.0685209
32,XO-6 b,XO-6 b,1.632703243,21.25784366,41.37596641,1,1,1,Eclipse,1,1,1,0,0,0,1.47,-0.06,0.06,6720,-100,100,1.93,-0.18,0.18,235.479,-2.393,2.443,4.04,-0.1,0.1,Gaia DR2 1114308481600798336,9.266,9.471,9.246,10.247,10.191,9.213,0,-0.07,-0.1,0.1,[Fe/H],1.88,-0.2,0.9,F5,94.7929552,73.8275672,23.20259011,2.465975761,-2.465975761,2.07,0.22,-0.22,1398.444989,0,0,4.4,0,0,1,1,0,3.7650007,40.74000389,-8.10E-06,8.10E-06,1875.839925,8057131756,0.053893858,0.3,2.3,15793.31496,0.633,1,86,-0.2,0.2,0,,,0,,,,6652.71245,0.00055,-0.00055,0,6654.59495,0,,,,1,2016,Ariel,158.7929473,26.48552555,11.68159608,0.000248514,55.33903393,6.139303639,619.1991076
33,WASP-77 A b,WASP-77 A b,1,9.744476487,19.07806911,1,1,1,Eclipse,1,1,1,0,0,0,0.9,-0.06,0.07,5617,-72,72,0.91,-0.02,0.03,105.166,-1.182,1.209,4.48,-0.02,0.01,Gaia DR2 5178405479960844160,8.374,8.766,8.405,10.294,10.0966,8.106,0,-0.1,-0.11,0.1,[Fe/H],6.2,-3.5,4,G8 V,37.1555223,-7.0606675,13.7870463,0.347478403,-0.325060441,1.23,0.031,-0.029,529.8199538,21.61233165,-20.34101802,1.667,0.068,-0.064,0,1,323.4,1.36002854,33.78346319,-6.20E-07,6.20E-07,1640.556222,3470117371,0.023211487,0.3,2.3,7789.277258,0.109,1,88.91,-0.95,0.74,0.0074,-0.0049,0.0069,0,-166,-75,66,7420.88439,0.0008,-0.00085,0,7421.564404,0,1.783,0.02,-0.019,1,2012,Ariel,370.4149806,28.41986342,18.6990024,0.000541377,53.15521971,8.834827514,620.7394435
34,WASP-12 b,WASP-12 b,1,8.462711808,16.60250054,1,1,1.108532458,Eclipse,1,1,1,0,0,0,1.43,-0.11,0.11,6360,-140,140,1.66,-0.05,0.05,427.246,-5.903,6.068,4.16,-0.01,0.01,Gaia DR2 3435282862461427072,10.228,10.477,10.188,11.569,11.4999,10.111,0,0.07,-0.07,0.07,[Fe/H],2,-2,0.7,,97.636645,29.6722662,21.71179568,0.627702921,-0.627702921,1.937,0.056,-0.056,465.6186157,25.10844412,-25.10844412,1.465,0.079,-0.079,0,1,226.4,1.09142,69.49588939,-1.40E-07,1.40E-07,2499.272484,3496803790,0.023389992,0.3,2.3,10809.21964,0.339,1,83.52,-0.03,0.03,0.0447,-0.0043,0.0043,0,272.7,-1.3,2.4,6594.6816,4.00E-05,-4.00E-05,0,6595.22731,9885.205733,1.389,0.013,-0.013,1,2008,Ariel,197.2645976,10.07105558,12.69031153,0.001101438,50.44857415,10.30519793,622.0810769
35,HD 202772 A b,HD 202772 A b,1,3.928940044,7.517633582,1,1,1,Eclipse,1,1,1,0,0,0,1.72,-0.07,0.06,6272,-71,77,2.59,-0.09,0.08,161.498,-2.388,2.459,3.85,-0.03,0.03,Gaia DR2 6790773586275235200,7.048,7.232,6.959,8.324,8.22688,6.882,0,0.3,-0.06,0.06,[Fe/H],1.7,-0.26,0.32,,319.6995877,-26.6163743,17.31787523,0.582866998,-0.672538844,1.545,0.052,-0.06,323.2314895,22.24798846,-21.61233165,1.017,0.07,-0.068,0,1,96.4,3.308958,10.42186639,-8.30E-05,8.30E-05,2062.654694,7789955294,0.052106724,0.3,2.3,20841.44518,0.403,1,84.51,-0.82,1.1,0.038,-0.027,0.042,0,98,-52,65,8338.61047,0.00024,-0.00024,0,8340.264949,22471.31233,0.3755,0.01,-0.0099,2,2019,Ariel,175.9905804,10.98906127,9.243530279,0.000272963,50.15575357,14.50776377,625.8724758
36,HAT-P-32 b,HAT-P-32 b,1,1,1.657981718,1,1,1,Eclipse,1,1,1,0,0,0,1.13,-0.05,0.05,6001,-88,88,1.37,-0.03,0.03,289.205,-5.167,5.355,4.22,-0.04,0.04,Gaia DR2 356348286886230272,10.024,10.251,9.99,11.439,11.1335,9.902,0,-0.16,-0.08,0.08,[Fe/H],2.7,-0.8,0.8,,31.0427614,46.6878512,22.19378185,0.504404133,-0.504404133,1.98,0.045,-0.045,216.1233165,34.96112473,-31.78284066,0.68,0.11,-0.1,0,1,99,2.1500082,2.1500082,-1.30E-07,1.30E-07,1777.378359,5080239714,0.033981537,0.3,2.3,12802.4963,0.083,1,88.98,-0.85,0.68,0.159,-0.028,0.051,0,50,-18,27,5867.402743,4.90E-05,-4.90E-05,0,5868.477747,16353.75933,2.216,0.017,-0.016,1,2011,Ariel,214.6247267,4.473785336,12.6267487,0.002646287,49.60138056,31.64809895,628.3188381
37,TOI-1431 b,TOI-1431 b,2.610499483,26.63203444,52.29960489,1,1,1,Eclipse,1,1,1,0,0,0,1.9,-0.08,0.1,7690,-250,400,1.92,-0.07,0.07,148.925,-1.02,1.034,4.15,-0.04,0.04,Gaia DR2 2188906825165621120,7.452,7.541,7.439,8.03,7.97561,7.335,0,0.09,-0.03,0.03,[Fe/H],0.29,-0.19,0.32,Am C,316.2036922,55.5880221,16.70138129,0.560449037,-0.560449037,1.49,0.05,-0.05,991.6246286,57.20911319,-57.20911319,3.12,0.18,-0.18,0,1,294.1,2.650237,22.55066538,-3.00E-06,3.00E-06,2306.103917,6945001151,0.046454857,0.3,2.3,8768.184461,0.881,1,80.13,-0.13,0.13,0.0022,-0.0016,0.003,0,108,-31,92,8739.17737,7.00E-05,-7.00E-05,0,8740.502489,8804.953165,0.5797,0.0007,-0.0007,2,2021,Ariel,222.3696448,36.24755076,12.09508556,0.000162365,49.4959251,5.11132149,631.1720423
38,HAT-P-70 b,HAT-P-70 b,5.916417541,86.25254725,169.0209027,1,1,1,Eclipse,1,1,1,0,0,0,1.89,-0.01,0.01,8450,-690,540,1.86,-0.09,0.12,330.739,-6.552,6.818,4.18,-0.06,0.06,Gaia DR2 3291455819447952768,9.023,9.068,8.963,9.47,9.45174,8.941,0,-0.059,-0.088,0.075,[Fe/H],0.6,-0.2,0.38,,74.5523332,9.9979794,20.96079397,1.68134711,-1.120898073,1.87,0.15,-0.1,2154.876597,0,0,6.78,0,0,1,0,0,2.74432452,4.89433272,-6.80E-07,7.90E-07,2467.441219,7095922962,0.047464368,0.3,2.3,12528.47884,-0.629,1,96.5,-0.91,1.42,0,,,0,,,,8439.57519,0.00045,-0.00037,0,8440.947352,0,0.8443,,,1,2019,Ariel,183.0540229,50.00841504,8.967247577,0.000168394,47.07522681,2.926536918,634.2063779
39,TOI-2109 b,TOI-2109 b,19.94064341,317.5842288,622.5755266,1,1,1.160503357,Eclipse,1,1,1,0,0,0,1.45,-0.07,0.07,6540,-160,160,1.7,-0.06,0.06,262.041,-2.698,2.753,4.14,-0.05,0.04,Gaia DR2 4558177980120149632,9.129,9.382,9.07,10.217,10.1138,9.059,0,0.068,-0.062,0.07,[Fe/H],1.77,-0.68,0.88,F,253.1862971,16.5799153,15.09849704,0.526822094,-0.526822094,1.347,0.047,-0.047,1595.498601,238.3713049,-238.3713049,5.02,0.75,-0.75,0,1,860,0.67247414,85.15756773,-2.80E-07,3.00E-08,3049.33241,2543730161,0.017014917,0.3,2.3,6869.119178,0.7481,1,70.74,-0.37,0.37,0,,,0,,,,9378.45937,5.90E-05,-5.90E-05,0,9378.795607,0,0.6651,0.0036,-0.0036,2,2021,Ariel,192.7806032,71.36169143,15.07377228,0.000125753,45.37943748,1.594133393,635.0378594
40,XO-3 b,XO-3 b,49.756175,677.3259406,1321.14917,1,1,1,Eclipse,1,1,1,0,0,0,0.58,-0.14,0.14,6429,-50,50,1.54,-0.11,0.11,213.053,-2.658,2.724,3.95,-0.06,0.06,Gaia DR2 470650560777348352,8.845,9.013,8.791,9.854,9.73889,8.754,0,-0.18,,,[Fe/H],2.82,-0.82,0.58,F5V,65.4695814,57.8172095,15.80466283,1.345077688,-1.345077688,1.41,0.12,-0.12,3718.592357,133.4879308,-136.6662148,11.7,0.42,-0.43,0,1,1468.9,3.19154,36.97500319,-0.00014,0.00014,1977.826146,5293068392,0.03540514,0.3,2.3,17396.77006,0.5,1,84.19300096,-1.36,1.36,0.29,0,0,0,349.35,-0.68,0.67,5024.34346,0.00013,-0.00013,0,5025.93923,15626.87991,0.89,0.078,-0.078,1,2007,Ariel,162.7577748,151.7903792,8.74891976,4.89E-05,43.47252086,1.08755791,638.6321024
41,KELT-11 b,KELT-11 b,1,1,1,1,1,1,Transit,1,1,1,0,0,0,1.44,-0.07,0.07,5375,-25,25,2.69,-0.04,0.04,99.1596,-0.52105,0.52105,3.7,-0.1,0.1,Gaia DR2 3761497761876022400,6.251,6.616,6.122,8.04,7.83112,6.152,0,0.17,-0.07,0.07,[Fe/H],,,,G8/K0 IV,161.7069053,-9.3993646,15.13212399,1.120898073,-1.120898073,1.35,0.1,-0.1,54.34865753,4.767426099,-4.767426099,0.171,0.015,-0.015,0,1,0,4.7361,45.47610389,-3.00E-05,3.00E-05,1646.55533,9324653866,0.062372267,0.3,2.3,25534.76868,0.404,1,85.3,-0.2,0.2,0.0007,-0.0005,0.002,0,-1,-74.6,147.4,7483.431,0.0007,-0.0007,0,7485.79905,0,0.265,0.035,-0.038,1,2017,Ariel,154.8677036,2.420054703,8.565491928,0.000801472,43.26356953,72.10517038,643.9592851
42,KELT-4 A b,KELT-4 A b,1,2.71432317,5.307241214,1,1,1.015967247,Eclipse,1,1,1,0,0,0,1.2,-0.06,0.07,6206,-75,75,1.6,-0.04,0.04,218.05,-2.067,2.106,4.11,-0.01,0.01,Gaia DR2 727624020367528576,8.79,9.017,8.689,9.98,9.95702,8.604,0,-0.116,-0.069,0.065,[Fe/H],4.44,-0.89,0.78,F,157.06262,25.5731366,19.04405826,0.515613114,-0.504404133,1.699,0.046,-0.045,286.6812227,19.0697044,-18.75187599,0.902,0.06,-0.059,0,1,111.8,2.9895932,60.54870009,-4.90E-06,4.90E-06,1761.948781,6457034792,0.043190868,0.3,2.3,12360.62887,0.689,1,83.16,-0.21,0.22,0,,,0,,,,6190.30201,0.00022,-0.00022,0,6191.796807,0,1.187,0.012,-0.012,1,2016,Ariel,200.0674236,8.059653839,9.990636537,0.000916091,39.0190701,17.04032043,647.2350039
