,Unnamed: 0.1,Unnamed: 0,Star Name,Planet Name,Tier 1 Transits,Tier 2 Transits,Tier 3 Transits,Tier 1 Eclipses,Tier 2 Eclipses,Tier 3 Eclipses,Preferred Method,Tier 1 Observations,Tier 2 Observations,Tier 3 Observations,FGS1_Flag,FGS2_Flag,FGS_Flag,Star Mass [Ms],Star Mass Error Lower [Ms],Star Mass Error Upper [Ms],Star Temperature [K],Star Temperature Error Lower [K],Star Temperature Error Upper [K],Star Radius [Rs],Star Radius Error Lower [Rs],Star Radius Error Upper [Rs],Star Distance [pc],Star Distance Error Lower [pc],Star Distance Error Upper [pc],Star log(g),Star log(g) Error Lower,Star log(g) Error Upper,Gaia ID,Star H Mag,Star J Mag,Star K Mag,Star V Mag,Star Gaia Mag,Star W1 Mag,Star T Mag,Star Metallicity,Star Metallicity Error Lower,Star Metallicity Error Upper,Metallicity Ratio,Star Age [Gyr],Star Age Error Lower [Gyr],Star Age Error Upper [Gyr],Star Spectral Type,Star RA,Star Dec,Planet Radius [Re],Planet Radius Error Upper [Re],Planet Radius Error Lower [Re],Planet Radius [Rj],Planet Radius Error Upper [Rj],Planet Radius Error Lower [Rj],Planet Mass [Me],Planet Mass Error Upper [Me],Planet Mass Error Lower [Me],Planet Mass [Mj],Planet Mass Error Upper [Mj],Planet Mass Error Lower [Mj],Mass Flag,RV Flag,RV Amplitude [m/s],Planet Period [days],Cumulative time (days),Planet Period Error Lower [days],Planet Period Error Upper [days],Planet Temperature [K],Planet Semi-major Axis [m],Planet Semi-major Axis [AU],Planet Albedo,Molecular Weight,Transit Duration [s],Impact Parameter,Heat Redistribution Factor,Inclination,Inclination Error Upper,Inclination Error Lower,Eccentricity,Eccentricity Error Upper,Eccentricity Error Lower,Eccentricity Flag,Periastron,Periastron Error Upper,Periastron Error Lower,Transit Mid Time [JD - 2450000],Transit Mid Time Error Upper [days],Transit Mid Time Error Lower [days],Transit Mid Time Flag,Eclipse Mid Time [JD - 2450000],Eclipse Duration [s],Transit Depth [%],Transit Depth Error Upper [%],Transit Depth Error Lower [%],"Known (Y=1,N=0)",Discovery Year,Telescope,ESM,pl_g,ASM,Tier1_SNR,Tier1 Transit S/N,Tier2_SNR,Tier2 Transit S/N,Tier3_SNR,Tier3 Transit S/N,cumulative days
1,421,421,HD 219134 b,HD 219134 b,5.512084313,25.37292834,46.54246392,92.75429654,320.8561222,538.7056565,Transit,6,25,47,0,0,0,0.81,-0.03,0.03,4699.0,-16.0,16.0,0.78,-0.01,0.01,6.53127,-0.00385,0.00384,4.57,-0.02,0.02,Gaia DR2 2009481748875806976,3.469,3.981,3.261,5.56911,5.2402,,0,0.11,-0.04,0.04,[Fe/H],11.0,-2.2,2.2,K3 V,348.3372026,57.1696255,1.602884245,0.056044904,-0.056044904,0.143,0.005,-0.005,4.738821542,0.190697044,-0.190697044,0.01491,0.0006,-0.0006,0,1,2.381,3.092926,1797.491195,-1e-05,1e-05,983.3417771,5793922375.0,0.038755334,0.3,2.3,3410.81116,0.9245,1,85.05,-0.09,0.09,0.0,,,0,0.0,,,7126.69913,0.00087,-0.00087,0,7128.245593,0.0,0.0358,0.0024,-0.0024,1,2015,Ariel,34.9217407,18.80624883,2.310929706,2.472343369,10.24915647,0.619078983,2.599003268,0.437760175,1.837662806,3.171879962037037
2,414,414,TOI-431 b,TOI-431 b,5.139979211,61.88523227,121.7545444,26.44758814,199.9126087,390.9984999,Transit,5,62,122,0,0,0,0.78,-0.07,0.07,4850.0,-75.0,75.0,0.73,-0.02,0.02,32.5686,-0.0311,0.0312,4.6,-0.06,0.06,Gaia DR2 2908664557091200768,6.846,7.305,6.723,9.12,8.79171,6.651,0,0.2,-0.05,0.05,[Fe/H],,,,,83.2692502,-26.7238698,1.277823803,0.044835923,-0.044835923,0.114,0.004,-0.004,3.070222408,0.349611247,-0.349611247,0.00966,0.0011,-0.0011,0,1,2.88,0.490047,1744.426162,-7e-06,1e-05,1825.985174,1675282315.0,0.011205902,0.3,2.3,3967.805574,0.34,1,84.3,-1.3,1.1,0.0,,,0,0.0,,,8627.538,0.003,-0.002,0,8627.783024,0.0,0.030162,0.001499,-0.001499,2,2021,Ariel,15.15689031,19.17185048,0.969796749,1.889899511,3.515774227,0.472582907,0.891276527,0.334178382,0.630189327,3.7537743132870367
3,416,416,HD 3167 b,HD 3167 b,8.165717138,98.58330077,192.0818306,32.72370074,240.3812072,469.7176085,Transit,8,99,192,0,0,0,0.88,-0.02,0.02,5438.0,-63.0,63.0,0.83,-0.03,0.03,47.2899,-0.1475,0.1485,4.6,-0.1,0.1,Gaia DR2 2554032474712538880,7.203,7.548,7.066,8.97,8.76221,6.942,0,-0.1,-0.1,0.1,[Fe/H],5.0,-4.0,4.0,K0 V,8.7401487,4.3807215,1.602884245,0.089671846,-0.078462865,0.143,0.008,-0.007,5.590601672,0.978911492,-0.959841788,0.01759,0.00308,-0.00302,0,1,4.08,0.959622,1751.653684,-4.4e-05,4.4e-05,1710.225966,2729767556.0,0.018259315,0.3,2.3,5690.529994,0.11,1,90.2,-6.0,7.0,0.0,,,0,,,,7410.69248,0.001,-0.00091,0,7411.172291,0.0,0.0294,,,1,2016,Ariel,12.38828686,22.18658061,0.693859671,1.696337075,2.797724028,0.422316565,0.708553904,0.298629547,0.500991148,4.845121544629629
4,428,428,LHS 3844 b,LHS 3844 b,1.0,11.15603654,22.2629622,32.23231949,335.8059589,646.0769402,Transit,1,11,22,1,0,1,0.15,-0.01,0.01,3036.0,-77.0,77.0,0.19,-0.01,0.01,14.8846,-0.0113,0.0113,5.06,-0.01,0.01,Gaia DR2 6385548541499112448,9.477,10.046,9.145001,15.24,13.3925,8.944,0,,,,,,,,M5,340.4962038,-69.1721081,1.300241765,0.022417961,-0.022417961,0.116,0.002,-0.002,2.250225119,0.0,0.0,0.00708,0.0,0.0,1,0,0.0,0.46292913,1817.674513,-1.9e-06,1.9e-06,782.2536742,930975115.6,0.006227258,0.3,2.3,1897.818107,0.186,1,88.5,-0.51,0.51,0.0,,,0,,,,8325.72558,0.00025,-0.00025,0,8325.957045,0.0,0.448991,0.017391,-0.017391,2,2019,Ariel,26.55913172,13.57106369,2.635035061,1.433423671,8.838445826,0.362030199,2.252753004,0.255993807,1.592867675,5.351981649328703
5,427,427,GJ 367 b,GJ 367 b,1.321829092,12.12830691,23.79329383,48.10282604,335.3557182,644.4113631,Transit,1,12,24,0,0,0,0.45,-0.01,0.01,3522.0,-70.0,70.0,0.46,-0.01,0.01,9.41263,-0.002835,0.002835,4.78,-0.03,0.03,Gaia DR2 5412250540681250560,6.045,6.632,5.78,10.153,9.15159,,0,-0.01,-0.12,0.12,[Fe/H],,,,M1.0 V,146.121464,-45.7790165,0.717374767,0.056044904,-0.056044904,0.064,0.005,-0.005,0.546664859,0.079457102,-0.079457102,0.00172,0.00025,-0.00025,0,1,0.798,0.321962,1817.211584,-1.2e-05,1e-05,1327.049329,1053995028.0,0.007050134,0.3,2.3,2316.901399,0.55,1,80.75,-0.64,0.64,0.0,,,0,,,,8544.1348,0.0004,-0.0004,0,8544.295781,0.0,0.0212,0.0042,-0.0042,2,2021,Ariel,16.28024479,10.83091403,1.278857655,1.403844854,8.432688624,0.354226811,2.145159634,0.250487312,1.516781866,5.727575626157407
6,426,426,GJ 9827 b,GJ 9827 b,4.905498694,61.73341318,122.1885175,41.32397262,337.3284776,642.2498967,Transit,5,62,122,0,0,0,0.61,-0.01,0.02,4340.0,-53.0,40.0,0.6,0.0,0.01,29.661,-0.0541,0.0543,4.66,-0.01,0.01,Gaia DR2 2643842302456085888,7.379,7.984,7.193,10.37,9.83773,6.99,0,-0.26,-0.09,0.09,[m/H],10.0,,,K6 V,351.7717763,-1.2853435,1.580466283,0.022417961,-0.033626942,0.141,0.002,-0.003,4.891379177,0.429068349,-0.419533497,0.01539,0.00135,-0.00132,0,1,4.1,1.2089819,1816.889622,-7.14e-06,6.93e-06,1142.158053,2818087395.0,0.018850083,0.3,2.3,4518.533458,0.4602,1,86.07,-0.34,0.41,0.0,,,0,,,,7738.82586,0.00026,-0.00026,0,7739.430351,0.0,0.0586,0.0019,-0.0023,1,2017,Ariel,14.04386941,19.96627296,0.888787702,1.301194833,3.443918504,0.326118682,0.874000335,0.230606437,0.617976172,7.041153208055555
7,272,272,55 Cnc e,55 Cnc e,3.237076249,13.63167887,24.71331722,5.204019289,18.42934283,33.27030963,Transit,3,14,25,0,0,0,0.91,-0.01,0.01,5172.0,-18.0,18.0,0.94,-0.01,0.01,12.5855,-0.0123,0.0124,4.43,-0.02,0.02,Gaia DR2 704967037090946688,4.265,4.768,4.015,5.95084,5.72973,4.001,0,0.35,-0.1,0.1,[Fe/H],10.2,-2.5,2.5,G8 V,133.1468373,28.3298154,1.871899782,0.033626942,-0.033626942,0.167,0.003,-0.003,7.739121701,0.368680952,-0.298758702,0.02435,0.00116,-0.00094,0,1,6.0,0.7365474,966.8518676,-1.4e-06,1.3e-06,1880.057222,2314082889.0,0.015478815,0.3,2.3,5448.370778,0.39,1,83.59,-0.44,0.47,0.05,-0.03,0.03,0,86.0,-33.4,30.7,7063.2096,0.0006,-0.0004,0,7063.577874,6020.413103,0.038,0.0052,-0.0052,1,2004,Ariel,66.0969549,22.51970166,4.074633455,9.773980873,11.10797074,2.43926485,2.814371469,1.724876091,1.989936305,7.90382030199074
8,354,354,K2-266 b,K2-266 b,1.547878995,24.96115025,49.30225101,5.758484612,48.56946385,95.77604841,Transit,2,25,49,0,0,0,0.69,-0.03,0.03,4285.0,-57.0,49.0,0.7,-0.02,0.02,77.5586,-0.3549,0.3581,4.58,-0.04,0.03,Gaia DR2 3855246074629979264,9.041,9.611,8.897,11.625,11.3527,8.815,0,-0.12,-0.42,0.4,[Fe/H],,,,,157.9356855,0.9372782,3.295440335,1.804645898,-1.300241765,0.294,0.161,-0.116,11.26701701,0.0,0.0,0.03545,0.0,0.0,1,1,0.0,0.658524,1329.838433,-1.7e-05,1.7e-05,1461.13458,1958373010.0,0.013099485,0.3,2.3,4158.270981,0.5,1,82.85960653,-0.7,0.62,0.0,,,0,,,,7949.6747,0.0032,-0.0032,0,7950.003962,0.0,0.18,0.25,-0.12,1,2018,Ariel,32.6060039,10.57835624,2.064308443,3.526434623,5.402755067,0.884156287,1.371296422,0.625213441,0.969597895,8.658600574699072
9,409,409,HR 858 b,HR 858 b,4.100048858,16.89142799,30.53544863,54.13753915,181.0289811,327.637816,Transit,4,17,31,0,0,0,1.15,-0.08,0.07,6201.0,-50.0,50.0,1.31,-0.02,0.02,31.964,-0.072,0.0722,4.26,-0.04,0.03,Gaia DR2 5064574720469473792,5.225,5.473,5.149,6.38,6.25276,5.098,0,-0.14,-0.08,0.08,[Fe/H],,,,F6 V,42.9849779,-30.8140609,2.084870416,0.067253884,-0.067253884,0.186,0.006,-0.006,4.989905984,0.0,0.0,0.0157,0.0,0.0,1,0,0.0,3.58599,1717.406912,-0.00015,0.00015,1509.965895,7186817931.0,0.048072361,0.3,2.3,10338.67702,0.59,1,85.5,-0.5,1.5,0.0,,,1,,,,8409.18969,0.00084,-0.00083,0,8410.982685,0.0,0.0213,0.001,-0.001,2,2019,Ariel,14.21281178,11.70497185,0.757127495,2.431443993,8.3839425,0.603125271,2.121270479,0.426477768,1.4998637,12.483911802013887
10,415,415,pi Men c,pi Men c,3.563479173,10.90473094,18.73405097,104.1081821,248.6651192,422.9288752,Transit,4,11,19,0,0,0,1.09,-0.04,0.04,6037.0,-45.0,45.0,1.1,-0.02,0.02,18.2702,-0.0226,0.0226,4.42,-0.03,0.03,Gaia DR2 4623036865373793408,4.424,4.869,4.241,5.65,5.5128,4.269,0,0.08,-0.03,0.03,[Fe/H],2.98,-1.3,1.4,G0 V,84.2992798,-80.4646041,2.040034493,0.044835923,-0.044835923,0.182,0.004,-0.004,4.821456928,0.839066993,-0.861314982,0.01517,0.00264,-0.00271,0,1,1.58,6.2679,1750.694062,-0.00046,0.00046,1128.309313,10243652842.0,0.068519417,0.3,2.3,10671.30851,0.59,1,87.456,-0.076,0.085,0.0,,,0,,,,8325.504,0.0012,-0.00074,0,8328.63795,0.0,0.03,,,2,2018,Ariel,17.81062696,11.81243453,0.963565465,2.283586068,12.63777516,0.568429419,3.198150321,0.401943665,2.261282852,18.99883283233796
11,394,394,GJ 1214 b,GJ 1214 b,1.0,1.681674322,3.355061692,10.92159468,95.10109278,177.6258751,Transit,1,2,3,0,0,0,0.18,-0.01,0.01,3250.0,-100.0,100.0,0.21,-0.01,0.01,14.6427,-0.0372,0.0372,5.03,-0.04,0.04,Gaia DR2 4393265392167891712,9.094,9.75,8.782,15.1,13.0089,8.598,0,0.29,-0.12,0.12,[Fe/H],3.0,,,M4 V,258.8313991,4.9606795,2.746200279,0.044835923,-0.056044904,0.245,0.004,-0.005,8.171368334,0.429068349,-0.429068349,0.02571,0.00135,-0.00135,0,1,14.36,1.58040433,1605.942394,-1.3e-07,1.3e-07,603.9487151,2243025902.0,0.015003518,0.1,2.3,3035.292692,0.325,1,88.7,-0.1,0.1,0.0,,,1,0.0,,,5701.413328,6.6e-05,-5.9e-05,0,5702.20353,0.0,,,,1,2009,Ariel,51.17792014,11.04756378,6.748865499,2.146897998,20.45273268,0.540143386,5.208267535,0.381889754,3.682631031,20.649498567245367
12,404,404,TOI-824 b,TOI-824 b,7.706648836,120.384065,236.5120088,17.74522933,148.5187611,290.2388733,Transit,8,120,237,0,0,0,0.71,-0.03,0.03,4600.0,-100.0,110.0,0.69,-0.03,0.03,63.9262,-0.1428,0.1435,4.61,-0.03,0.03,Gaia DR2 5880886001621564928,8.557,9.145001,8.432,11.314,10.7616,8.154,0,-0.092,-0.077,0.076,[Fe/H],7.5,-2.9,1.8,K4 V,222.1654705,-57.5888666,2.925543971,0.201761653,-0.190552672,0.261,0.018,-0.017,18.46583042,1.843404758,-1.875187599,0.0581,0.0058,-0.0059,0,1,13.2,1.392978,1659.334664,-1.7e-05,1.8e-05,1207.388375,3257968900.0,0.021792434,0.3,2.3,4093.277877,0.745,1,83.65,-0.38,0.39,0.0,,,0,,,,8639.60354,0.00035,-0.00035,0,8640.300029,0.0,0.149,0.014,-0.014,2,2020,Ariel,21.30054199,21.99843204,1.283053858,1.92375885,2.447670396,0.481332195,0.620811645,0.340361038,0.438954139,22.1372283699537
13,174,174,LTT 9779 b,LTT 9779 b,1.0,11.04054465,21.585212,1.0,6.450322222,12.81741331,Eclipse,1,6,13,0,0,0,0.77,-0.21,0.29,5443.0,-13.0,14.0,0.95,-0.01,0.01,80.4373,-0.315,0.3174,4.35,-0.12,0.16,Gaia DR2 2307504062045842688,8.153,8.446,8.016,9.79,9.60006,7.936,0,0.27,-0.03,0.03,[Fe/H],1.9,-1.2,1.7,G7 V,358.6688767,-37.6282237,4.718980888,0.235388595,-0.235388595,0.421,0.021,-0.021,29.31967051,0.778679596,-0.810462437,0.09225,0.00245,-0.00255,0,1,19.65,0.792052,556.1111665,-9.3e-06,9.3e-06,1996.286523,2297368621.0,0.015367014,0.3,2.3,5821.400333,0.5,1,81.73208572,-0.43,0.43,0.0,,,0,90.0,,,8354.2143,0.00025,-0.00025,0,8354.610326,0.0,0.157052,0.005176,-0.005176,2,2020,Ariel,67.14580801,13.42452082,4.251276049,11.02925134,8.260003336,2.749666375,2.091919982,1.944370316,1.479115931,23.064035007291665
14,203,203,GJ 436 b,GJ 436 b,1.0,1.355341408,2.619652447,1.704022646,9.349614676,16.28245989,Transit,1,1,3,0,0,0,0.47,-0.07,0.07,3586.11,-36.37,36.37,0.46,-0.02,0.02,9.75321,-0.00896,0.00898,4.79,-0.04,0.05,Gaia DR2 4017860992519744384,6.319,6.9,6.073,10.67,9.57148,6.017,0,0.099,-0.078,0.078,[Fe/H],6.0,-5.0,4.0,M2.5 V,175.5505363,26.7030669,4.169740832,0.168134711,-0.168134711,0.372,0.015,-0.015,25.40084626,2.100845768,-1.999140677,0.07992,0.00661,-0.00629,0,1,17.59,2.64388312,678.102424,-5.7e-07,5.7e-07,708.0229527,4352700318.0,0.029115052,0.1,2.3,4248.748378,0.736,1,86.44,-0.16,0.17,0.13827,-0.00018,0.00018,0,351.0,-0.03,0.03,4510.80162,7e-05,-7e-05,0,4512.123562,4068.837389,0.6819,0.0028,-0.0028,1,2004,Ariel,118.8379671,14.89588137,12.84120812,6.916534293,23.66579408,1.740016817,6.018904487,1.230297279,4.255794529,25.80626878418981
15,297,297,DS Tuc A b,DS Tuc A b,75.5481241,546.3818335,1043.190067,5.344251599,25.1211889,48.2315567,Eclipse,5,25,48,0,0,0,1.01,-0.06,0.06,5428.0,-80.0,80.0,0.96,-0.03,0.03,44.0622,-0.0691,0.0693,4.6,-0.15,0.15,Gaia DR2 6387058411482257536,6.759,7.122,6.676,8.17,8.31926,6.767,0,0.0,,,,0.045,-0.004,0.004,G6 V,354.9154673,-69.196043,5.705371192,0.168134711,-0.168134711,0.509,0.015,-0.015,413.1769286,0.0,0.0,1.3,0.0,0.0,1,0,0.0,8.138268,1077.103053,-1.1e-05,1.1e-05,879.83315,11885745570.0,0.079503315,0.3,2.3,13070.42363,0.18,1,89.5,-0.41,0.34,0.0,,,0,,,,8332.30997,0.00026,-0.00026,0,8336.379104,0.0,0.2936,0.0026,-0.0026,2,2019,Ariel,39.81940605,129.4208945,2.672516821,4.753425413,1.233573152,1.188629442,0.312420342,0.840480626,0.22090039,34.247092886736105
16,326,326,AU Mic b,AU Mic b,1.0,1.363524543,2.301135939,20.53383495,40.45154108,71.19229732,Transit,1,1,2,0,0,0,0.5,-0.03,0.03,3700.0,-100.0,100.0,0.75,-0.03,0.03,9.7221,-0.004625,0.004625,4.39,-0.03,0.03,Gaia DR2 6794047652729201024,4.831,5.436,4.529,8.81,7.84038,4.449,0,,,,,0.022,-0.003,0.003,M1,311.2911369,-31.34245,4.068860005,0.168134711,-0.168134711,0.363,0.015,-0.015,17.00064147,4.999440836,-4.999440836,0.05349,0.01573,-0.01573,0,1,8.5,8.463,1193.547166,-2e-06,2e-06,626.4279341,9650967990.0,0.06455497,0.1,2.3,13016.35933,0.18,1,89.5,-0.3,0.3,0.0,,,0,,,,8330.39051,0.00015,-0.00015,0,8334.62201,0.0,,,,2,2020,Ariel,58.88061063,10.47022362,6.123976635,4.348291946,32.06564015,1.092627861,8.152131231,0.772511504,5.764130831,43.011397500856475
17,386,386,K2-39 b,K2-39 b,13.11909497,138.7664527,267.6029769,10.24301604,70.71022899,138.1712322,Eclipse,10,71,138,0,0,0,0.66,-0.56,0.56,4881.0,-20.0,20.0,2.97,-0.77,0.77,307.47,-4.656,4.656,3.44,-0.07,0.07,Gaia DR2 2609222216055014144,8.594,9.082,8.516,10.831,10.5959,8.419,0,0.32,,,[Fe/H],3.09,-0.7,0.92,,338.3682095,-9.0229405,6.277029209,1.68134711,-1.68134711,0.56,0.15,-0.15,39.79847307,4.398745147,-4.398745147,0.12522,0.01384,-0.01384,0,1,13.8,4.60543,1509.27468,-0.00046,0.00046,1806.045712,7056555291.0,0.047201039,0.3,2.3,31662.18183,0.57,1,80.39,-4.19,4.19,0.0,,,0,,,,6980.8236,0.0039,-0.0039,0,6983.126315,0.0,0.037,0.0034,-0.0034,1,2016,Ariel,9.439252056,10.29898095,0.589443505,3.251329503,2.348921601,0.812732587,0.595435788,0.574708306,0.421010982,48.34974837655092
18,382,382,TOI-674 b,TOI-674 b,1.0,5.617766081,11.20959961,7.61019646,65.8170982,132.8981755,Transit,1,6,11,0,0,0,0.42,-0.01,0.01,3514.0,-57.0,57.0,0.42,-0.01,0.01,46.0851,-0.1153,0.1159,4.81,-0.03,0.03,Gaia DR2 5400949450924312576,9.737001,10.359,9.469,14.203,13.0914,9.345,0,0.17,-0.12,0.12,[Fe/H],,,,M2 V,164.5865592,-36.8581092,5.245802982,0.168134711,-0.168134711,0.468,0.015,-0.015,23.59875919,3.29905886,-3.29905886,0.07425,0.01038,-0.01038,0,1,21.44,1.977143,1490.159062,-3e-06,3e-06,698.8670804,3454138899.0,0.023104608,0.3,2.3,4250.228591,0.624,1,87.21,-0.24,0.24,0.0,,,0,,,,8641.404552,0.000102,-0.000102,0,8642.393124,0.0,1.445627,0.021868,-0.021868,2,2021,Ariel,46.8047994,8.743823075,4.677471505,3.086657934,12.16591555,0.776959438,3.094929039,0.549368275,2.188337221,50.42527629763888
19,5,5,HIP 65 A b,HIP 65 A b,1.0,1.0,1.7553946,1.0,1.0,1.0,Eclipse,1,1,1,0,0,0,0.78,-0.03,0.03,4590.0,-49.0,49.0,0.72,-0.01,0.01,61.7856,-0.0804,0.0806,4.61,-0.01,0.01,Gaia DR2 4923860051276772608,8.4,8.922,8.29,11.0,10.5895,8.121,0,0.18,-0.08,0.08,[Fe/H],4.1,-2.8,4.3,K4 V,0.1856063,-54.8308228,22.75423088,6.837478246,-5.492400558,2.03,0.61,-0.49,1021.18267,24.79061571,-24.79061571,3.213,0.078,-0.078,0,1,753.7,0.9809734,14.92758838,-3.1e-06,3.1e-06,1361.757722,2660935422.0,0.017798899,0.3,2.3,6086.249957,0.5,1,84.60071945,-1.0,0.92,0.0,,,0,291.42,,,8326.10418,0.00011,-0.00011,0,8326.594667,0.0,8.2,5.8,-3.4,2,2020,Ariel,1579.037899,20.11014765,96.35935477,195.9476219,28.35450222,49.01441584,7.191807947,34.65930918,5.085075501,51.547135113310176
20,20,20,KELT-9 b,KELT-9 b,1.0,1.793284766,3.47511354,1.0,1.0,1.0,Eclipse,1,1,1,0,0,0,2.52,-0.2,0.25,10170.0,-450.0,450.0,2.36,-0.06,0.07,204.455,-1.558,1.582,4.09,-0.01,0.01,Gaia DR2 2064327278651198336,7.492,7.458,7.482,7.55,7.57675,7.399,0,-0.03,-0.2,0.2,[Fe/H],0.3,,,B9.5-A0,307.8598998,39.9389161,21.19618256,0.683747825,-0.594075979,1.891,0.061,-0.053,775.5013121,222.4798846,-222.4798846,2.44,0.7,-0.7,0,1,0.0,1.4811235,50.43133589,-1.1e-06,1.1e-06,3916.236076,5177168998.0,0.034629893,0.3,2.3,14066.71499,0.177,1,86.79,-0.25,0.25,0.0,,,0,90.0,,,7095.68572,0.00014,-0.00014,0,7096.426282,0.0,0.677,0.0072,-0.0072,1,2017,Ariel,343.1458705,17.59962354,23.31423631,139.4901761,20.11604068,34.59657213,5.07682285,24.46372993,3.58958353,53.353877015856476
21,13,13,WASP-33 b,WASP-33 b,1.0,2.223157227,4.373788659,1.0,1.0,1.0,Eclipse,1,1,1,0,0,0,1.5,-0.03,0.03,7430.0,-100.0,100.0,1.44,-0.03,0.03,121.944,-0.983,0.998,4.25,-0.07,0.1,Gaia DR2 328636019723252096,7.516,7.581,7.468,8.14,8.07004,7.383,0,0.1,,,[M/H],,,,A5,36.7127375,37.5504441,17.8559063,0.829464574,-0.829464574,1.593,0.074,-0.074,665.214855,44.17814852,-44.17814852,2.093,0.139,-0.139,0,1,304.0,1.21987,30.61354865,-1e-06,1e-06,2599.597377,3826520992.0,0.025595458,0.3,2.3,9739.03043,0.21,1,86.63,-0.03,0.03,0.0,,,0,,,,4163.22367,0.00022,-0.00022,0,4163.833605,0.0,1.1,0.019,-0.019,1,2010,Ariel,548.1600365,21.27327167,29.99360948,127.7972627,17.63667669,31.67989251,4.457433978,22.4016623,3.151657774,54.799187535069436
22,12,12,WASP-189 b,WASP-189 b,1.0,2.315344921,4.206662087,1.0,1.0,1.0,Eclipse,1,1,1,0,0,0,2.03,-0.07,0.07,8000.0,-80.0,80.0,2.36,-0.03,0.03,99.731,-0.7432,0.754,3.9,-0.2,0.2,Gaia DR2 6339097679918871168,6.12,6.166,6.06,6.59776,6.55369,6.097,0,0.29,-0.13,0.13,[Fe/H],0.73,-0.13,0.13,,225.686732,-3.0314874,18.1473398,0.235388595,-0.235388595,1.619,0.021,-0.021,632.4785291,50.85254506,-44.49597692,1.99,0.16,-0.14,0,1,182.0,2.724033,29.39367865,,,2606.643375,7231108901.0,0.048368621,0.3,2.3,16418.59337,0.478,1,84.03,-0.14,0.14,0.0,,,0,,,,8926.541696,6.5e-05,-6.4e-05,0,8927.903712,0.0,,,,1,2020,Ariel,372.2352923,19.5819523,20.98555757,122.5139615,19.78849429,30.30847899,4.999347694,21.43181847,3.534816817,57.9032805667824
23,2,2,HD 189733 b,HD 189733 b,1.0,1.0,1.213407685,1.0,1.0,1.0,Eclipse,1,1,1,0,0,0,0.79,-0.08,0.08,5052.0,-16.0,16.0,0.75,-0.01,0.01,19.7638,-0.0127,0.0128,4.49,-0.05,0.05,Gaia DR2 1827242816201846144,5.587,6.073,5.541,7.67,7.41432,5.289,0,-0.02,,,[Fe/H],1.4,-1.9,4.9,K2 V,300.1821223,22.7097759,12.66614823,0.112089807,-0.112089807,1.13,0.01,-0.01,370.5879221,16.52707714,-15.57359192,1.166,0.052,-0.049,0,1,208.0,2.21857567,7.11290839,-1.5e-07,1.5e-07,1162.930605,4604224671.0,0.030797489,0.3,2.3,6544.78771,0.6636,1,85.71,0.0,0.0,0.0,,,0,20.0,-50.0,37.0,3955.525551,9e-06,-9e-06,0,3956.634839,0.0,2.4,0.0058,-0.0058,1,2005,Ariel,1063.0232,23.55256836,61.4458368,114.4812036,38.27137463,28.58665387,9.698577854,20.21416066,6.857504554,60.27335595229166
24,19,19,KELT-20 b,KELT-20 b,1.0,4.575606261,8.934502053,1.0,1.0,1.0,Eclipse,1,1,1,0,0,0,1.76,-0.19,0.14,8720.0,-260.0,250.0,1.56,-0.06,0.06,136.426,-0.807,0.816,4.29,-0.02,0.02,Gaia DR2 2033123654092592384,7.446,7.424,7.415,7.59,7.57492,7.363,0,-0.29,-0.36,0.22,[Fe/H],0.6,,,A2 V,294.6614126,31.2192001,19.51483545,0.77341967,-0.829464574,1.741,0.069,-0.074,1074.895671,0.0,0.0,3.382,0.0,0.0,1,1,0.0,3.4741085,48.95021239,-1.9e-06,1.9e-06,2181.396627,8108946858.0,0.054240447,0.3,2.3,12753.34816,0.503,1,86.12,-0.27,0.28,0.0,,,0,,,,7503.120049,0.00019,-0.00019,0,7504.857103,0.0,1.309,0.014,-0.014,1,2017,Ariel,372.7831558,28.77879931,17.314433,89.58309045,12.43903674,22.05867579,3.141304932,15.59795073,2.221074217,64.04268084488425
25,4,4,HD 209458 b,HD 209458 b,1.0,1.0,1.0,1.0,1.0,1.0,Eclipse,1,1,1,0,0,0,1.23,-0.09,0.09,6091.0,-10.0,10.0,1.19,-0.02,0.02,48.3016,-0.1234,0.124,4.45,-0.02,0.02,Gaia DR2 1779546757669063552,6.366,6.591,6.308,7.65,7.50866,6.308,0,0.01,,,[Fe/H],3.1,-0.7,0.8,G0 V,330.7950219,18.8842419,15.58048322,0.224179615,-0.224179615,1.39,0.02,-0.02,216.7589733,4.449597692,-4.767426099,0.682,0.014,-0.015,0,1,84.27,3.52474859,13.94661498,-3.8e-07,3.8e-07,1405.91027,7265828019.0,0.048600856,0.3,2.3,11050.66673,0.507,1,86.71,-0.05,0.05,0.0,,,0,0.0,0.0,0.0,1659.93742,2e-05,-2e-05,0,1661.699794,0.0,1.5,0.0024,-0.0024,1,1999,Ariel,509.521035,9.104401123,27.7559536,86.01971568,55.83958995,21.3558297,14.13004148,15.10098852,9.990779231,67.8232319054861
26,14,14,WASP-76 b,WASP-76 b,1.0,1.061796208,2.069376856,1.0,1.0,1.0,Eclipse,1,1,1,0,0,0,1.46,-0.07,0.07,6250.0,-100.0,100.0,1.73,-0.04,0.04,194.459,-5.839,6.206,4.13,-0.02,0.02,Gaia DR2 2512326349403275520,8.331,8.541,8.243,9.518,9.39507,8.19,0,0.23,-0.1,0.1,[Fe/H],5.3,-2.9,6.1,F7,26.632936,2.700389,20.51243474,0.672538844,-0.448359229,1.83,0.06,-0.04,292.4021341,9.534852198,-9.534852198,0.92,0.03,-0.03,0,1,119.3,1.809886,32.42343465,-1e-06,1e-06,2110.974286,4933060164.0,0.032997058,0.3,2.3,13517.1962,0.14,1,88.0,-1.6,1.3,0.0,,,0,,,,6107.85507,0.00034,-0.00034,0,6108.760013,0.0,1.189,0.016,-0.016,1,2016,Ariel,318.3155007,7.085691786,16.98551447,74.4188986,27.24911426,18.48224578,6.894090847,13.06925849,4.874529134,69.94601596567128
27,11,11,WASP-18 b,WASP-18 b,28.32723102,382.5540411,746.2336336,1.0,1.0,1.0,Eclipse,1,1,1,0,0,0,1.29,-0.06,0.06,6432.0,-48.0,48.0,1.32,-0.06,0.06,123.483,-0.369,0.371,4.31,-0.03,0.04,Gaia DR2 4955371367334610048,8.231,8.409,8.131,9.28,9.16617,8.075,0,0.107,-0.08,0.08,[Fe/H],1.57,-0.94,1.4,F6 IV-V,24.3544618,-45.6777937,13.89913611,0.885509478,-0.885509478,1.24,0.079,-0.079,3241.849747,111.2399423,-111.2399423,10.2,0.35,-0.35,0,1,1814.0,0.94145223,26.66964565,-2.4e-07,2.4e-07,2408.746207,3061681962.0,0.020479478,0.3,2.3,8176.001493,0.36,1,83.5,-1.6,2.0,0.0051,-0.0037,0.007,0,-85.0,-96.0,72.0,6740.8056,0.00019,-0.00019,0,6741.276326,0.0,1.041,0.022,-0.022,1,2009,Ariel,309.0634096,171.1013401,20.48112622,71.798976,1.426399276,17.85249723,0.360813819,12.62402177,0.255116503,71.07672748949072
28,6,6,MASCARA-1 b,MASCARA-1 b,3.29491431,29.60186667,57.7178329,1.0,1.0,1.0,Eclipse,1,1,1,0,0,0,1.72,-0.07,0.07,7554.0,-150.0,150.0,2.1,-0.2,0.2,182.273,-1.922,1.963,4.0,,,Gaia DR2 1744911763437512064,7.749,7.819,7.74,8.28,8.24243,7.658,0,0.0,,,[Fe/H],1.0,-0.2,0.2,A8,317.5515264,10.7388967,16.8134711,3.362694219,-3.362694219,1.5,0.3,-0.3,1175.965104,286.0455659,-286.0455659,3.7,0.9,-0.9,0,1,0.0,2.14878,17.07636838,-8e-06,8e-06,2583.193818,5841648628.0,0.039074573,0.3,2.3,15767.8035,0.2,1,87.0,-3.0,2.0,0.0,,,0,,,,7097.278,0.002,-0.002,0,7098.35239,0.0,,,,1,2017,Ariel,196.1631421,42.41464296,11.76207755,64.57738426,4.880786888,15.99862052,1.233443225,11.31302079,0.872113817,73.59050294087962
29,10,10,WASP-121 b,WASP-121 b,1.0,2.809530879,5.50232336,1.0,1.0,1.0,Eclipse,1,1,1,0,0,0,1.36,-0.08,0.07,6776.0,-128.73,138.39,1.46,-0.03,0.03,269.898,-1.562,1.58,4.24,-0.01,0.01,Gaia DR2 5565050255701441664,9.439,9.625,9.374,10.514,10.3746,9.356,0,0.13,-0.09,0.09,[Fe/H],1.5,-1.0,1.0,F6 V,107.6002312,-39.0972705,19.64934322,0.403523306,-0.403523306,1.753,0.036,-0.036,367.7274664,22.24798846,-22.24798846,1.157,0.07,-0.07,0,1,177.0,1.27492504,25.72819342,-1.4e-07,1.5e-07,2391.043885,3814175890.0,0.025512882,0.3,2.3,10604.8743,0.1,1,88.49,-0.16,0.16,0.0,,,0,10.0,-10.0,10.0,8119.72074,0.00017,-0.00017,0,8120.358203,0.0,1.551,0.012,-0.012,1,2016,Ariel,265.47448,9.711048794,15.45298403,64.22845507,17.17139022,15.9416336,4.342149965,11.27275393,3.070150956,75.11091118226851
30,21,21,KELT-7 b,KELT-7 b,1.0,3.302742034,6.449688055,1.0,1.0,1.0,Eclipse,1,1,1,0,0,0,1.76,-0.25,0.25,6768.0,-7.0,7.0,1.81,-0.07,0.07,136.681,-0.924,0.938,4.5,,,Gaia DR2 181908842994567936,7.58,7.739,7.543,8.56,8.45173,7.496,0,0.0,,,[Fe/H],1.3,-0.2,0.2,F,78.2955912,33.3179532,17.93436917,0.672538844,-0.672538844,1.6,0.06,-0.06,441.7814852,69.92224945,-69.92224945,1.39,0.22,-0.22,0,1,138.0,2.73477,53.16610589,-4e-06,4e-06,1975.133011,6913257612.0,0.046242526,0.3,2.3,12560.84499,0.597,1,83.76,-0.38,0.38,0.0,,,0,,,,8343.40408,0.0001,-0.0001,0,8344.771465,0.0,0.83,0.012,-0.012,1,2015,Ariel,253.5204325,14.00462372,14.0042371,60.77575796,15.55059373,15.04771883,3.932325616,10.64051151,2.780381525,78.13644148296295
31,7,7,MASCARA-4 b,MASCARA-4 b,1.815875919,16.68995543,32.57849245,1.0,1.0,1.0,Eclipse,1,1,1,0,0,0,1.75,-0.05,0.05,7800.0,-200.0,200.0,1.92,-0.11,0.11,170.696,-0.928,0.938,4.1,-0.05,0.05,Gaia DR2 5245968236116294016,7.785,7.837,7.75,8.191,8.17401,7.627,0,0.0,,,[Fe/H],0.8,,,A7 V,147.5800667,-66.1139253,17.14974052,0.784628651,-0.448359229,1.53,0.07,-0.04,985.2680604,286.0455659,-286.0455659,3.1,0.9,-0.9,0,1,0.0,2.82406,19.90042838,-3e-05,3e-05,2321.685164,7049526418.0,0.047154023,0.3,2.3,15206.56976,0.34,1,88.5,-0.01,0.01,0.0,,,0,,,,8505.817,0.003,-0.003,0,8507.22903,0.0,,,,1,2020,Ariel,201.8768094,34.15666354,11.07473554,60.28323075,6.498864262,14.8954237,1.642077929,10.53284215,1.161040907,81.31250541259259
32,9,9,TOI-1518 b,TOI-1518 b,1.0,8.501980082,16.87927251,1.0,1.0,1.0,Eclipse,1,1,1,0,0,0,1.79,-0.26,0.26,7300.0,-100.0,100.0,1.95,-0.05,0.05,225.888,-1.666,1.69,4.1,-0.2,0.2,Gaia DR2 2210596444367488384,8.384,8.429,8.325,8.952,8.89529,8.270001,0,-0.1,-0.12,0.12,[Fe/H],,,,F0,352.2675207,67.0348062,21.01683887,0.594075979,-0.594075979,1.875,0.053,-0.053,731.0053352,0.0,0.0,2.3,0.0,0.0,1,0,0.0,1.902603,24.45326838,-1.1e-05,1.1e-05,2488.500269,5458597956.0,0.036512361,0.3,2.3,8159.357671,0.9036,1,77.84,-0.26,0.23,0.0,,,1,,,,8787.049255,9.4e-05,-9.4e-05,0,8788.000556,0.0,0.911,0.000414,-0.000414,1,2021,Ariel,268.0552138,16.87414985,15.4971019,59.69666371,9.042354927,14.79404992,2.285556795,10.46124151,1.616018372,83.40398243275462
33,17,17,XO-6 b,XO-6 b,1.632703243,21.25784366,41.37596641,1.0,1.0,1.0,Eclipse,1,1,1,0,0,0,1.47,-0.06,0.06,6720.0,-100.0,100.0,1.93,-0.18,0.18,235.479,-2.393,2.443,4.04,-0.1,0.1,Gaia DR2 1114308481600798336,9.266,9.471,9.246,10.247,10.191,9.213,0,-0.07,-0.1,0.1,[Fe/H],1.88,-0.2,0.9,F5,94.7929552,73.8275672,23.20259011,2.465975761,-2.465975761,2.07,0.22,-0.22,1398.444989,0.0,0.0,4.4,0.0,0.0,1,1,0.0,3.7650007,40.74000389,-8.1e-06,8.1e-06,1875.839925,8057131756.0,0.053893858,0.3,2.3,15793.31496,0.633,1,86.0,-0.2,0.2,0.0,,,0,,,,6652.71245,0.00055,-0.00055,0,6654.59495,0.0,,,,1,2016,Ariel,158.7929473,26.48552555,11.68159608,55.33903393,6.139303639,13.69942689,1.552532145,9.687082333,1.097730135,87.53456912719906
34,15,15,WASP-77 A b,WASP-77 A b,1.0,9.744476487,19.07806911,1.0,1.0,1.0,Eclipse,1,1,1,0,0,0,0.9,-0.06,0.07,5617.0,-72.0,72.0,0.91,-0.02,0.03,105.166,-1.182,1.209,4.48,-0.02,0.01,Gaia DR2 5178405479960844160,8.374,8.766,8.405,10.294,10.0966,8.106,0,-0.1,-0.11,0.1,[Fe/H],6.2,-3.5,4.0,G8 V,37.1555223,-7.0606675,13.7870463,0.347478403,-0.325060441,1.23,0.031,-0.029,529.8199538,21.61233165,-20.34101802,1.667,0.068,-0.064,0,1,323.4,1.36002854,33.78346319,-6.2e-07,6.2e-07,1640.556222,3470117371.0,0.023211487,0.3,2.3,7789.277258,0.109,1,88.91,-0.95,0.74,0.0074,-0.0049,0.0069,0,-166.0,-75.0,66.0,7420.88439,0.0008,-0.00085,0,7421.564404,0.0,1.783,0.02,-0.019,1,2012,Ariel,370.4149806,28.41986342,18.6990024,53.15521971,8.834827514,13.21850496,2.236949699,9.347060829,1.581659547,89.07490501113425
35,27,27,WASP-12 b,WASP-12 b,1.0,8.462711808,16.60250054,1.0,1.0,1.108532458,Eclipse,1,1,1,0,0,0,1.43,-0.11,0.11,6360.0,-140.0,140.0,1.66,-0.05,0.05,427.246,-5.903,6.068,4.16,-0.01,0.01,Gaia DR2 3435282862461427072,10.228,10.477,10.188,11.569,11.4999,10.111,0,0.07,-0.07,0.07,[Fe/H],2.0,-2.0,0.7,,97.636645,29.6722662,21.71179568,0.627702921,-0.627702921,1.937,0.056,-0.056,465.6186157,25.10844412,-25.10844412,1.465,0.079,-0.079,0,1,226.4,1.09142,69.49588939,-1.4e-07,1.4e-07,2499.272484,3496803790.0,0.023389992,0.3,2.3,10809.21964,0.339,1,83.52,-0.03,0.03,0.0447,-0.0043,0.0043,0,272.7,-1.3,2.4,6594.6816,4e-05,-4e-05,0,6595.22731,9885.205733,1.389,0.013,-0.013,1,2008,Ariel,197.2645976,10.07105558,12.69031153,50.44857415,10.30519793,12.55729617,2.60693634,8.879649667,1.843257139,90.41653842872684
36,3,3,HD 202772 A b,HD 202772 A b,1.0,3.928940044,7.517633582,1.0,1.0,1.0,Eclipse,1,1,1,0,0,0,1.72,-0.07,0.06,6272.0,-71.0,77.0,2.59,-0.09,0.08,161.498,-2.388,2.459,3.85,-0.03,0.03,Gaia DR2 6790773586275235200,7.048,7.232,6.959,8.324,8.22688,6.882,0,0.3,-0.06,0.06,[Fe/H],1.7,-0.26,0.32,,319.6995877,-26.6163743,17.31787523,0.582866998,-0.672538844,1.545,0.052,-0.06,323.2314895,22.24798846,-21.61233165,1.017,0.07,-0.068,0,1,96.4,3.308958,10.42186639,-8.3e-05,8.3e-05,2062.654694,7789955294.0,0.052106724,0.3,2.3,20841.44518,0.403,1,84.51,-0.82,1.1,0.038,-0.027,0.042,0,98.0,-52.0,65.0,8338.61047,0.00024,-0.00024,0,8340.264949,22471.31233,0.3755,0.01,-0.0099,2,2019,Ariel,175.9905804,10.98906127,9.243530279,50.15575357,14.50776377,12.45140981,3.670412082,8.804687316,2.595197772,94.20793728937498
37,0,0,HAT-P-32 b,HAT-P-32 b,1.0,1.0,1.657981718,1.0,1.0,1.0,Eclipse,1,1,1,0,0,0,1.13,-0.05,0.05,6001.0,-88.0,88.0,1.37,-0.03,0.03,289.205,-5.167,5.355,4.22,-0.04,0.04,Gaia DR2 356348286886230272,10.024,10.251,9.99,11.439,11.1335,9.902,0,-0.16,-0.08,0.08,[Fe/H],2.7,-0.8,0.8,,31.0427614,46.6878512,22.19378185,0.504404133,-0.504404133,1.98,0.045,-0.045,216.1233165,34.96112473,-31.78284066,0.68,0.11,-0.1,0,1,99.0,2.1500082,2.1500082,-1.3e-07,1.3e-07,1777.378359,5080239714.0,0.033981537,0.3,2.3,12802.4963,0.083,1,88.98,-0.85,0.68,0.159,-0.028,0.051,0,50.0,-18.0,27.0,5867.402743,4.9e-05,-4.9e-05,0,5868.477747,16353.75933,2.216,0.017,-0.016,1,2011,Ariel,214.6247267,4.473785336,12.6267487,49.60138056,31.64809895,12.31452828,8.009293259,8.707837292,5.663048403,96.6542995703935
38,8,8,TOI-1431 b,TOI-1431 b,2.610499483,26.63203444,52.29960489,1.0,1.0,1.0,Eclipse,1,1,1,0,0,0,1.9,-0.08,0.1,7690.0,-250.0,400.0,1.92,-0.07,0.07,148.925,-1.02,1.034,4.15,-0.04,0.04,Gaia DR2 2188906825165621120,7.452,7.541,7.439,8.03,7.97561,7.335,0,0.09,-0.03,0.03,[Fe/H],0.29,-0.19,0.32,Am C,316.2036922,55.5880221,16.70138129,0.560449037,-0.560449037,1.49,0.05,-0.05,991.6246286,57.20911319,-57.20911319,3.12,0.18,-0.18,0,1,294.1,2.650237,22.55066538,-3e-06,3e-06,2306.103917,6945001151.0,0.046454857,0.3,2.3,8768.184461,0.881,1,80.13,-0.13,0.13,0.0022,-0.0016,0.003,0,108.0,-31.0,92.0,8739.17737,7e-05,-7e-05,0,8740.502489,8804.953165,0.5797,0.0007,-0.0007,2,2021,Ariel,222.3696448,36.24755076,12.09508556,49.4959251,5.11132149,12.23343993,1.29158058,8.650505494,0.913219911,99.50750380328702
39,1,1,HAT-P-70 b,HAT-P-70 b,5.916417541,86.25254725,169.0209027,1.0,1.0,1.0,Eclipse,1,1,1,0,0,0,1.89,-0.01,0.01,8450.0,-690.0,540.0,1.86,-0.09,0.12,330.739,-6.552,6.818,4.18,-0.06,0.06,Gaia DR2 3291455819447952768,9.023,9.068,8.963,9.47,9.45174,8.941,0,-0.059,-0.088,0.075,[Fe/H],0.6,-0.2,0.38,,74.5523332,9.9979794,20.96079397,1.68134711,-1.120898073,1.87,0.15,-0.1,2154.876597,0.0,0.0,6.78,0.0,0.0,1,0,0.0,2.74432452,4.89433272,-6.8e-07,7.9e-07,2467.441219,7095922962.0,0.047464368,0.3,2.3,12528.47884,-0.629,1,96.5,-0.91,1.42,0.0,,,0,,,,8439.57519,0.00045,-0.00037,0,8440.947352,0.0,0.8443,,,1,2019,Ariel,183.0540229,50.00841504,8.967247577,47.07522681,2.926536918,11.6184059,0.73916246,8.215593011,0.522628497,102.54183940754628
40,32,32,TOI-2109 b,TOI-2109 b,19.94064341,317.5842288,622.5755266,1.0,1.0,1.160503357,Eclipse,1,1,1,0,0,0,1.45,-0.07,0.07,6540.0,-160.0,160.0,1.7,-0.06,0.06,262.041,-2.698,2.753,4.14,-0.05,0.04,Gaia DR2 4558177980120149632,9.129,9.382,9.07,10.217,10.1138,9.059,0,0.068,-0.062,0.07,[Fe/H],1.77,-0.68,0.88,F,253.1862971,16.5799153,15.09849704,0.526822094,-0.526822094,1.347,0.047,-0.047,1595.498601,238.3713049,-238.3713049,5.02,0.75,-0.75,0,1,860.0,0.67247414,85.15756773,-2.8e-07,3e-08,3049.33241,2543730161.0,0.017014917,0.3,2.3,6869.119178,0.7481,1,70.74,-0.37,0.37,0.0,,,0,,,,9378.45937,5.9e-05,-5.9e-05,0,9378.795607,0.0,0.6651,0.0036,-0.0036,2,2021,Ariel,192.7806032,71.36169143,15.07377228,45.37943748,1.594133393,11.3345524,0.403199626,8.014994979,0.285085648,103.3733209359259
41,16,16,XO-3 b,XO-3 b,49.756175,677.3259406,1321.14917,1.0,1.0,1.0,Eclipse,1,1,1,0,0,0,0.58,-0.14,0.14,6429.0,-50.0,50.0,1.54,-0.11,0.11,213.053,-2.658,2.724,3.95,-0.06,0.06,Gaia DR2 470650560777348352,8.845,9.013,8.791,9.854,9.73889,8.754,0,-0.18,,,[Fe/H],2.82,-0.82,0.58,F5V,65.4695814,57.8172095,15.80466283,1.345077688,-1.345077688,1.41,0.12,-0.12,3718.592357,133.4879308,-136.6662148,11.7,0.42,-0.43,0,1,1468.9,3.19154,36.97500319,-0.00014,0.00014,1977.826146,5293068392.0,0.03540514,0.3,2.3,17396.77006,0.5,1,84.19300096,-1.36,1.36,0.29,0.0,0.0,0,349.35,-0.68,0.67,5024.34346,0.00013,-0.00013,0,5025.93923,15626.87991,0.89,0.078,-0.078,1,2007,Ariel,162.7577748,151.7903792,8.74891976,43.47252086,1.08755791,10.7794338,0.275103277,7.62235808,0.194514132,106.96756394657405
42,18,18,KELT-11 b,KELT-11 b,1.0,1.0,1.0,1.0,1.0,1.0,Transit,1,1,1,0,0,0,1.44,-0.07,0.07,5375.0,-25.0,25.0,2.69,-0.04,0.04,99.1596,-0.52105,0.52105,3.7,-0.1,0.1,Gaia DR2 3761497761876022400,6.251,6.616,6.122,8.04,7.83112,6.152,0,0.17,-0.07,0.07,[Fe/H],,,,G8/K0 IV,161.7069053,-9.3993646,15.13212399,1.120898073,-1.120898073,1.35,0.1,-0.1,54.34865753,4.767426099,-4.767426099,0.171,0.015,-0.015,0,1,0.0,4.7361,45.47610389,-3e-05,3e-05,1646.55533,9324653866.0,0.062372267,0.3,2.3,25534.76868,0.404,1,85.3,-0.2,0.2,0.0007,-0.0005,0.002,0,-1.0,-74.6,147.4,7483.431,0.0007,-0.0007,0,7485.79905,0.0,0.265,0.035,-0.038,1,2017,Ariel,154.8677036,2.420054703,8.565491928,43.26356953,72.10517038,10.77289423,18.26312149,7.617747264,12.91315314,112.29474655490738
43,24,24,KELT-4 A b,KELT-4 A b,1.0,2.71432317,5.307241214,1.0,1.0,1.015967247,Eclipse,1,1,1,0,0,0,1.2,-0.06,0.07,6206.0,-75.0,75.0,1.6,-0.04,0.04,218.05,-2.067,2.106,4.11,-0.01,0.01,Gaia DR2 727624020367528576,8.79,9.017,8.689,9.98,9.95702,8.604,0,-0.116,-0.069,0.065,[Fe/H],4.44,-0.89,0.78,F,157.06262,25.5731366,19.04405826,0.515613114,-0.504404133,1.699,0.046,-0.045,286.6812227,19.0697044,-18.75187599,0.902,0.06,-0.059,0,1,111.8,2.9895932,60.54870009,-4.9e-06,4.9e-06,1761.948781,6457034792.0,0.043190868,0.3,2.3,12360.62887,0.689,1,83.16,-0.21,0.22,0.0,,,0,,,,6190.30201,0.00022,-0.00022,0,6191.796807,0.0,1.187,0.012,-0.012,1,2016,Ariel,200.0674236,8.059653839,9.990636537,39.0190701,17.04032043,9.677650408,4.311447815,6.843231628,3.048448566,115.57046542319442
